-- MariaDB dump 10.19  Distrib 10.11.7-MariaDB, for Win64 (AMD64)
--
-- Host: localhost    Database: testdb
-- ------------------------------------------------------
-- Server version	10.11.7-MariaDB

/*!40101 SET @OLD_CHARACTER_SET_CLIENT=@@CHARACTER_SET_CLIENT */;
/*!40101 SET @OLD_CHARACTER_SET_RESULTS=@@CHARACTER_SET_RESULTS */;
/*!40101 SET @OLD_COLLATION_CONNECTION=@@COLLATION_CONNECTION */;
/*!40101 SET NAMES utf8mb4 */;
/*!40103 SET @OLD_TIME_ZONE=@@TIME_ZONE */;
/*!40103 SET TIME_ZONE='+00:00' */;
/*!40014 SET @OLD_UNIQUE_CHECKS=@@UNIQUE_CHECKS, UNIQUE_CHECKS=0 */;
/*!40014 SET @OLD_FOREIGN_KEY_CHECKS=@@FOREIGN_KEY_CHECKS, FOREIGN_KEY_CHECKS=0 */;
/*!40101 SET @OLD_SQL_MODE=@@SQL_MODE, SQL_MODE='NO_AUTO_VALUE_ON_ZERO' */;
/*!40111 SET @OLD_SQL_NOTES=@@SQL_NOTES, SQL_NOTES=0 */;

--
-- Table structure for table `고객`
--

DROP TABLE IF EXISTS `고객`;
/*!40101 SET @saved_cs_client     = @@character_set_client */;
/*!40101 SET character_set_client = utf8 */;
CREATE TABLE `고객` (
  `고객번호` char(5) NOT NULL,
  `고객회사명` varchar(30) DEFAULT NULL,
  `담당자명` varchar(20) DEFAULT NULL,
  `담당자직위` varchar(20) DEFAULT NULL,
  `주소` varchar(50) DEFAULT NULL,
  `도시` varchar(20) DEFAULT NULL,
  `지역` varchar(20) DEFAULT NULL,
  `전화번호` varchar(20) DEFAULT NULL,
  `마일리지` int(11) DEFAULT NULL,
  PRIMARY KEY (`고객번호`)
) ENGINE=InnoDB DEFAULT CHARSET=utf8mb4 COLLATE=utf8mb4_general_ci;
/*!40101 SET character_set_client = @saved_cs_client */;

--
-- Dumping data for table `고객`
--

LOCK TABLES `고객` WRITE;
/*!40000 ALTER TABLE `고객` DISABLE KEYS */;
INSERT INTO `고객` VALUES
('ACDDR','굿모닝서울','이은광','영업 과장','송파구 잠실동 220','서울특별시','','(02)978-1984',15911),
('ADHTR','엘케이 상사','김병현','영업 사원','동작구 흑석 3동 140-3','서울특별시','','(02)345-1945',406),
('AIHTR','씨엔그룹','김성민','영업 사원','가학동 301','광명시','경기도','(02)31-0345',8788),
('ANKFR','오리안무역 ','최지수','마케팅 과장','성북구 길음동 136-11','서울특별시','','(02)123-0345',6119),
('ANRFR','남해종합식품','강준','마케팅 과장','수택동 435','구리시','경기도','(034)756-2091',106),
('ANSFR','서보앰엔에프','김민경','영업 사원','동작구 대방동 36-8','서울특별시','','(02)211-2221',729),
('ATRAN','대정 인터내셔널','배순용','대표 이사','서초구 방배동 883-11','서울특별시','','(02)681-6889',128790),
('AUSBL','제원인터내쇼날','박지혜','영업 사원','서대문구 남가좌 1동 121','서울특별시','','(02)811-1234',47865),
('BEVBS','케이리할리스','오선주','영업 사원','구산동 17-111','김해시','경상남도','(0525)342-3333',8758),
('BQQZA','비큐큐푸드','황수영','대표 이사','서초구 서초동 120-3','서울특별시','','(02)456-9876',100),
('CARRI','진가식품','이두원','영업 사원','비전 1동 118-36','평택시','경기도','(033)945-1932',122),
('CCOPI','진산푸드','김효정','영업 과장','구로구 오류 1동 101','서울특별시','','(02)100-1670',1034),
('CORLA','한승F&B','이상훈','영업 사원','구로구 가리봉 1동 22-1','서울특별시','','(02)123-7981',1331),
('CSURI','유로에이치','이소영','영업 과장','서대문구 창천동 167-3','서울특별시','','(02)712-8931',6608),
('CTEVI','한국맥널트 무역','김유환','영업 사원','중구 답동 78','인천광역시','','(032)58-1984',939),
('CTUCA','유성물산교역','우지선','영업 사원','강남구 대치동 315-11','서울특별시','','(02)943-4486',7232),
('DOSGO','프루트코리아','김태욱','영업 과장','중구 광희동 1가 188-3','서울특별시','','(02)545-8911',713),
('DWOOL','하이롱 식품','김예진','영업 사원','도봉구 미아 7동 334-7','서울특별시','','(02)774-1290',6935),
('EALGR','주은통상','김웅인','마케팅 과장','종로구 송현동 87-14','서울특별시','','(02)676-6766',1068),
('EANOC','경북무역','김승정','영업 사원','종로구 와룡동 336','서울특별시','','(02)907-1884',1140),
('EBITH','그린로더스','홍소현','마케팅 과장','남동구 간석동 264-11','인천광역시','','(032)945-1846',81479),
('ECDSP','와이지트레이드','조재민','마케팅 과장','서초구 방배본동 102-3','서울특별시','','(02)184-1484',139),
('ECRTH','플라워푸드','권덕현','영업 사원','종로구 내자동 190-53','서울특별시','','(02)954-1397',364),
('EDEQU','에이원카프','박은빈','회계 과장','동구 신흥동 75-3','대전광역시','','(042)845-1093',139),
('EENQU','진산푸드 ','박지윤','마케팅 담당','중구 남산동 3가 43','서울특별시','','(02)764-7644',653),
('ENEKO','엠앤에스푸드','윤석영','영업 사원','서구가좌 1동 7','인천광역시','','(032)46-4565',1258),
('FFEVA','보성허브','김시혜','영업 과장','마포구 동교동 211-11','서울특별시','','(02)456-5667',906),
('FKIAL','태원 산업','권기호','영업 사원','가장동 78-3','상주시','경상북도','(0582)575-5776',7065),
('GAAMA','이베르코 무역','황진영','마케팅 과장','용산구 용문동 81-3','서울특별시','','(02)890-1109',136),
('GGCRE','경민코퍼레이션','유휘재','영업 사원','송파구 마천동 120','서울특별시','','(02)903-1908',114),
('HMSLE','대화유피스','조효주','영업 사원','마포구 대흥동 77-5','서울특별시','','(02)999-9938',78001),
('ICKQU','인터비스','정대광','회계 과장','서구 연희동 400-16','인천광역시','','(032)44-1114',857),
('INIPR','시드니식품','박동찬','영업 사원','덕진구 고랑동 290','전주시','전라북도','(065)145-1895',943),
('ISDMA','선인 상사','김경태','영업 사원','생연 1동 416-1','동두천시','경기도','(0351)89-1098',631),
('ITCWH','한영킹푸드','박준영','대표 이사','동대문구 신설동 721-11','서울특별시','','(02)222-1113',9897),
('LAAHI','성민식품상사','신민주','영업 사원','중앙로 3가 150-1','춘천시','강원도','(0369)39-1243',382),
('LASLI','조흥식품','지승환','회계 과장','중구 광희동 1가 100-41','서울특별시','','(02)232-9181',22260),
('LATIS','우양 통상','오명일','마케팅 과장','강남구 개포동 135-24','서울특별시','','(02)813-1111',8722),
('LEDGA','상미식품','김진혁','마케팅 과장','도봉구 방학 3동 18','서울특별시','','(02)892-4921',917),
('LIDBO','진흥 상사','송아린','대표 이사','부산진구 당감 3동 611-3','부산광역시','','(051)784-1945',2819),
('LIGFO','신영 푸드','정지윤','영업 사원','양천구신월 3동 67-18','서울특별시','','(02)211-3421',449),
('LIRSP','세미원푸드','최해주','영업 과장','남구 소사 3동 146','부천시','경기도','(032)11-9438',7106),
('LKOFO','진영무역','조희진','대표 이사','중앙동 427-10','과천시','경기도','(02)768-7688',8607),
('LLIWE','태산무역','박소영','영업 과장','부산진구 양정 1동 462-77','부산광역시','','(051)555-5111',806),
('LMKWI','태흥푸드','조가영','대표 이사','용산구 동자동 181-7','서울특별시','','(02)812-4864',36960),
('LZAWO','오뚜락','주민영','대표 이사','건입동 111-16','제주시','제주도','(064)643-2871',8838),
('MAILA','그린월드푸드 ','이소연','영업 과장','동구 자양동 34-16','대전광역시','','(042)91-1295',428),
('MEYRO','뉴서울제과','이수호','회계 과장','외삼미동 123-8','오산시','경기도','(033)956-9859',409),
('MIAFA','푸드웰 통상','정솔미','마케팅 담당','마포구 공덕 1동 81','서울특별시','','(02)866-6667',662),
('MMICO','헤리토 상사','이성은','영업 사원','노원구 공릉동 178','서울특별시','','(02)878-9174',124),
('MOBSI','시대 통상','조연희','대표 이사','권선구 세류 3동 116','수원시','경기도','(0331)56-1431',7135),
('MONDU','진해푸드','이재열','대표 이사','강동구 성내동 143','서울특별시','','(02)444-2971',4036),
('MSPTO','보라티','김도연','마케팅 과장','중구 원미 1동 120-16','부천시','경기도','(032)110-1238',123),
('NAPBO','민성 무역','신종수','대표 이사','용산구 갈월동 116-7','서울특별시','','(02)497-4896',10006),
('NARHA','청운유통','손창민','회계 과장','강제동 57-11','제천시','충청북도','(0443)110-2181',3852),
('NCHRA','쉐프스푸드','서현지','영업 사원','강서구 화곡 1동 77-3','서울특별시','','(02)342-1111',8717),
('NDKWA','코리아유통','김지현','영업 사원','강서구 오쇠동 124-7','서울특별시','','(02)132-3845',3967),
('NEPLO','신푸드','홍지우','영업 과장','고잔동 16','안산시','경기도','(0345)78-1110',1149),
('NETVI','대두식품','김재경','회계 과장','도봉구 창 1동 218-16','서울특별시','','(02)222-2243',130),
('NGCHU','대덕종합무역','오용석','영업 사원','동작구 신대방동 10-6','서울특별시','','(02)444-1978',1020),
('NGOHU','케이티에스씨','오유진','영업 사원','동구 범일 3동 14-1','부산광역시','','(051)820-1993',7795),
('NODLI','지앤씨푸드','최효신','대표 이사','동작구 노량진 1동 71','서울특별시','','(02)668-1097',1116),
('NSHCO','은혜식품','이승연','영업 사원','소하동 11-3','광명시','경기도','(02)489-9184',387),
('NSHER','솜인터내셔널','정다경','영업 과장','중구 도원동 507-16','인천광역시','','(032)921-9284',120),
('NTCCE','코스리아 무역','유석희','마케팅 과장','남동구 간석 3동 270-8','인천광역시','','(032)944-3687',112),
('NTGSA','한지생활건강','이영훈','대표 이사','서대문구 미근동 11-7','서울특별시','','(02)108-1298',884),
('ONPBL','한얼트레이딩','서우진','마케팅 과장','영등포구 당산동 3가 16','서울특별시','','(02)111-2954',903),
('OPSCH','태화농산','윤성준','대표 이사','강남구 청담동 115','서울특별시','','(02)134-5897',3888),
('OSRGR','프라하바이오','서한석','대표 이사','서대문구 북아현 3동 36-6','서울특별시','','(02)111-2302',432),
('OUTAR','엘에이플러스','문인수','영업 사원','남구 연수동 208-16','인천광역시','','(032)976-4568',6851),
('PRDSU','황인터프라이시스','한현구','회계 과장','용산구서빙고동 111-16','서울특별시','','(02)934-1984',116898),
('REPME','시아 통상','김동진','마케팅 담당','경현동 160','나주시','전라남도','(061)3450-3400',3873),
('RGKMO','원양물산','김민준','마케팅 담당','종로구 송월동 101','서울특별시','','(02)402-1092',1092),
('RGSBE','탑푸드코리아','박건희','영업 과장','서구 도마동 110-6','대전광역시','','(042)92-3778',57746),
('RIBFU','대림에스엠','김지은','영업 과장','갈현동 232-8','과천시','경기도','(02)421-9238',1064),
('RICPE','뉴가든상사','김지호','영업 사원','금정구 청룡동 168-14','부산광역시','','(051)12-1122',1177),
('RISPA','한림통상','김정현','대표 이사','송파구 잠실본동 150','서울특별시','','(02)909-2094',6942),
('RTHWA','국일식품','박규민','회계 과장','야탑동 77','성남시','경기도','(0342)57-1934',733),
('RTSNO','지안 통상','김보연','영업 사원','양천구 신정 3동 241-16','서울특별시','','(02)901-8956',793),
('RTUTO','오트리푸드','김동호','대표 이사','양천구 신정 1동 1041-21','서울특별시','','(02)555-2933',374),
('SSAFI','대동 무역','정수환','회계 과장','동구 마산동 250-1','대전광역시','','(042)33-3433',975),
('STCEA','오케이식품','임재민','영업 사원','무릉동 171-3','공주시','충청남도','(046)487-4971',416),
('TIKOT','티알아이','김유희','대표 이사','호계동 11','안양시','경기도','(0343)988-1039',113),
('TONAN','그린무역','김정원','대표 이사','강서구 내발산동 318','서울특별시','','(02)989-9889',1213),
('TSSLE','프레시코','주현욱','대표 이사','남동구 동춘동 78-6','의정부시','경기도','(0351)66-2911',712),
('TTCRA','허브민트','송지윤','영업 사원','은행동 425-12','시흥시','경기도','(02)565-1901',892),
('TTMBO','컬러헬스푸드','안수인','회계 과장','사하구 신평동 701-29','부산광역시','','(051)845-9483',7329),
('TTRAN','해피트리푸드','김희원','영업 과장','동작구 흑석동 220-12','서울특별시','','(02)756-9787',448),
('UGBLA','금진 무역','이승권','영업 사원','강서구 등촌동 106-3','서울특별시','','(02)894-1111',7296),
('URLGO','유호무역 ','김하경','영업 사원','태평 3동 120-1','성남시','경기도','(034)877-7778',865),
('VEASA','코림푸드','장시현','영업 사원','강정동 718-1','서귀포시','제주도','(064)77-2091',1013),
('VESSE','태성무역','전혜연','영업 과장','동대문구 전농 1동 742-3','서울특별시','','(02)106-2841',414),
('ZYKLA','길드 통상','장재성','마케팅 과장','학성동 18','원주시','강원도','(037)978-1911',261);
/*!40000 ALTER TABLE `고객` ENABLE KEYS */;
UNLOCK TABLES;

--
-- Table structure for table `마일리지등급`
--

DROP TABLE IF EXISTS `마일리지등급`;
/*!40101 SET @saved_cs_client     = @@character_set_client */;
/*!40101 SET character_set_client = utf8 */;
CREATE TABLE `마일리지등급` (
  `등급명` char(1) NOT NULL,
  `하한마일리지` int(11) DEFAULT NULL,
  `상한마일리지` int(11) DEFAULT NULL,
  PRIMARY KEY (`등급명`)
) ENGINE=InnoDB DEFAULT CHARSET=utf8mb4 COLLATE=utf8mb4_general_ci;
/*!40101 SET character_set_client = @saved_cs_client */;

--
-- Dumping data for table `마일리지등급`
--

LOCK TABLES `마일리지등급` WRITE;
/*!40000 ALTER TABLE `마일리지등급` DISABLE KEYS */;
INSERT INTO `마일리지등급` VALUES
('A',10000,99999),
('B',1000,9999),
('C',100,999),
('D',0,99),
('S',100000,999999999);
/*!40000 ALTER TABLE `마일리지등급` ENABLE KEYS */;
UNLOCK TABLES;

--
-- Table structure for table `부서`
--

DROP TABLE IF EXISTS `부서`;
/*!40101 SET @saved_cs_client     = @@character_set_client */;
/*!40101 SET character_set_client = utf8 */;
CREATE TABLE `부서` (
  `부서번호` char(2) NOT NULL,
  `부서명` varchar(20) DEFAULT NULL,
  PRIMARY KEY (`부서번호`)
) ENGINE=InnoDB DEFAULT CHARSET=utf8mb4 COLLATE=utf8mb4_general_ci;
/*!40101 SET character_set_client = @saved_cs_client */;

--
-- Dumping data for table `부서`
--

LOCK TABLES `부서` WRITE;
/*!40000 ALTER TABLE `부서` DISABLE KEYS */;
INSERT INTO `부서` VALUES
('A1','영업부'),
('A2','기획부'),
('A3','개발부'),
('A4','홍보부');
/*!40000 ALTER TABLE `부서` ENABLE KEYS */;
UNLOCK TABLES;

--
-- Table structure for table `사원`
--

DROP TABLE IF EXISTS `사원`;
/*!40101 SET @saved_cs_client     = @@character_set_client */;
/*!40101 SET character_set_client = utf8 */;
CREATE TABLE `사원` (
  `사원번호` char(3) NOT NULL,
  `이름` varchar(20) DEFAULT NULL,
  `영문이름` varchar(20) DEFAULT NULL,
  `직위` varchar(10) DEFAULT NULL,
  `성별` char(2) DEFAULT NULL,
  `생일` date DEFAULT NULL,
  `입사일` date DEFAULT NULL,
  `주소` varchar(50) DEFAULT NULL,
  `도시` varchar(20) DEFAULT NULL,
  `지역` varchar(20) DEFAULT NULL,
  `집전화` varchar(20) DEFAULT NULL,
  `상사번호` char(3) DEFAULT NULL,
  `부서번호` char(2) DEFAULT NULL,
  PRIMARY KEY (`사원번호`)
) ENGINE=InnoDB DEFAULT CHARSET=utf8mb4 COLLATE=utf8mb4_general_ci;
/*!40101 SET character_set_client = @saved_cs_client */;

--
-- Dumping data for table `사원`
--

LOCK TABLES `사원` WRITE;
/*!40000 ALTER TABLE `사원` DISABLE KEYS */;
INSERT INTO `사원` VALUES
('E01','이소미','Lee So Mi','사원','여','1985-12-05','2019-04-13','강남구 역삼동 36-8','서울특별시','경인','(02)578-8988','E06','A1'),
('E02','배재용','Bae Jae Yong','대표이사','남','1973-02-17','2019-01-01','원미동 16-11','부천시','경인','(032)69-0136','','A2'),
('E03','유대현','Yoo Dae Hyeon','사원','남','1988-08-27','2019-03-14','광산구 송정동 100-11','광주광역시','호남','(062)73-0256','E06','A1'),
('E04','최소민','Choi So Min','사원','여','1987-09-17','2019-04-15','중구 중앙동 57-14','부산광역시','영남','(051)587-4783','E06','A1'),
('E05','안주훈','Ahn Ju Hoon','과장','남','1980-03-01','2018-12-29','남구 도화동 276-31','인천광역시','경인','(032)515-0278','E09','A1'),
('E06','이현진','Lee Hyun Jin','대리','남','1983-06-30','2019-09-29','대덕구 이현동 577-1','대전광역시','중부','(042)518-3876','E05','A1'),
('E07','오영수','O Yeong Soo','사원','남','1989-05-27','2019-12-15','문화동 76-77','청주시','중부','(0431)19-1784','E06','A1'),
('E08','선하라','Seon Ha Ra','전산팀장','여','1982-01-07','2019-02-16','덕진구 고랑동 116','전주시','호남','(0652)983-1985','E02','A3'),
('E09','유가을','Yoo Ka Eul','부장','여','1980-01-25','2019-10-29','남구 대명동 19-7','대구광역시','영남','(053)465-1248','E02','A1'),
('E10','정수진','Jung Su Jin','수습사원','여','1993-10-07','2022-03-19','동작구 흑석동 현대아파트 1-1501','서울특별시','경인','(02)824-2898','','');
/*!40000 ALTER TABLE `사원` ENABLE KEYS */;
UNLOCK TABLES;

--
-- Table structure for table `제품`
--

DROP TABLE IF EXISTS `제품`;
/*!40101 SET @saved_cs_client     = @@character_set_client */;
/*!40101 SET character_set_client = utf8 */;
CREATE TABLE `제품` (
  `제품번호` int(11) NOT NULL,
  `제품명` varchar(50) DEFAULT NULL,
  `포장단위` varchar(30) DEFAULT NULL,
  `단가` int(11) DEFAULT NULL,
  `재고` int(11) DEFAULT NULL,
  PRIMARY KEY (`제품번호`)
) ENGINE=InnoDB DEFAULT CHARSET=utf8mb4 COLLATE=utf8mb4_general_ci;
/*!40101 SET character_set_client = @saved_cs_client */;

--
-- Dumping data for table `제품`
--

LOCK TABLES `제품` WRITE;
/*!40000 ALTER TABLE `제품` DISABLE KEYS */;
INSERT INTO `제품` VALUES
(1,'썬 100% 오렌지 주스','10 boxes x 20 bags',8000,39),
(2,'썬 100% 레몬 주스','12 oz bottles',1900,17),
(3,'썬 체리 시럽','550 ml bottles',1000,13),
(4,'베리 100% 복숭아 시럽','6 oz jars',2200,53),
(5,'베리 100% 파인애플 시럽','36 boxes',2100,0),
(6,'헬시 블루베리 잼','8 oz jars',2500,120),
(7,'헬시 건과(배)','1 lb pkgs.',3000,15),
(8,'헬시 딸기 소스','12 oz jars',4000,6),
(9,'북미산 상등육 쇠고기','500 g pkgs.',9700,29),
(10,'노르웨이산 연어알 조림','200 ml jars',3100,31),
(11,'방그레 커피 밀크','1 kg pkg.',2100,22),
(12,'방그레 바닐라 시럽','500 g pkgs.',1380,86),
(13,'그대로 돌김','2 kg box',1600,24),
(14,'그대로 건조 다시마','100 g pkgs.',2300,35),
(15,'그대로 간장','250 ml bottles',1500,39),
(16,'파블로바 피넛 시럽','500 g boxes',1700,29),
(17,'앨리스 포장육','1 kg tins',3900,0),
(18,'태평 냉동 참치','16 kg pkg.',6200,42),
(19,'베리 초콜릿 소스','10 boxes x 12 pieces',1900,25),
(20,'허니헬시 마말레이드','30 gift boxes',8100,40),
(21,'허니헬시 핫 케이크 소스','24 pkgs. x 4 pieces',1000,3),
(22,'동원 시리얼','500 g pkgs.',2100,104),
(23,'동원 쌀 튀김 과자','250 g pkgs.',900,61),
(24,'삼화 콜라','355 ml cans',600,20),
(25,'컬러리 레몬 파이','450 g glasses',1400,76),
(26,'우미 코코넛 쿠키','250 g bags',3100,15),
(27,'우미 피넛 샌드','100 g pieces',4300,49),
(28,'뉴트리 특선 튀김 다시마','825 g cans',1500,26),
(29,'뉴트리 왕갈비 훈제육','50 bags x 30 sausgs.',12300,0),
(30,'태평양 포장 파래','200 g glasses',2500,10),
(31,'블루 바닐라 아이스크림','100 g pkgs',1200,0),
(32,'블루 초콜릿 아이스크림','200 g pkgs.',3200,9),
(33,'이룸 멜론 아이스크림','500 g',600,112),
(34,'로하이 라이트 맥주','12 oz bottles',3400,111),
(35,'로하이 적포도주','12 oz bottles',3800,20),
(36,'특제 굴 통조림','250 g  jars',1900,112),
(37,'포장 건 오징어','500 g pkgs.',2600,11),
(38,'람다 체리 셰이크','75 cl bottles',2600,17),
(39,'람다 바닐라 셰이크','750 cc per bottle',2800,69),
(40,'보스톤산 게살 통조림','4 oz tins',1800,123),
(41,'훈제 대합조개 통조림','12 oz cans',900,85),
(42,'싱가폴 원산 옥수수','1 kg pkgs.',1400,26),
(43,'콜롬비아산 원두커피','500 g tins',4600,17),
(44,'델타 청정 생강즙','2 kg bags',1900,27),
(45,'버뮤다 포장 문어','1k pkg.',900,5),
(46,'버뮤다 포장 참치','450 g glasses',1200,95),
(47,'뉴그린 바닐라 쿠키','4 oz boxes',900,36),
(48,'뉴그린 트로피컬 캔디','10 pkgs.',1200,15),
(49,'참스 계피 캔디','50 g pkgs.',2000,10),
(50,'참스 코코아 샌드','100 g bars',1600,65),
(51,'유림 사과 통조림','300 g pkgs.',5300,20),
(52,'필로 믹스','2 kg boxes',700,38),
(53,'파스 페이스 티','48 pieces',3200,0),
(54,'한림 훈제 통닭','16 pies',1700,21),
(55,'한림 특선 양념 칠면조','24 boxes x 2 pies',2400,115),
(56,'대림 옥수수 가루','250 g pkgs.',3800,21),
(57,'대림 통밀가루','250 g pkgs.',1900,36),
(58,'대성 어묵','24 pieces',1300,62),
(59,'그린 포장 치즈','5 kg pkg.',5500,79),
(60,'그린 파메쌍 치즈','300 g rounds',3400,19),
(61,'사계절 핫 소스','500 ml bottles',2800,113),
(62,'사계절 커스터드 파이','48 pies',4900,17),
(63,'태평 사과 식초','625 g jars',4300,24),
(64,'뉴트리 콘 플레이크','20 bags x 4 pieces',3300,22),
(65,'루이지애나 특산 후추','8 oz bottles',2100,76),
(66,'그대로 멸치 가루','8 oz jars',1700,4),
(67,'로하이 브랜디','12 oz bottles',4500,52),
(68,'미미 스카치 캔디','10 boxes x 8 pieces',1200,6),
(69,'이룸 분유','10 kg pkg.',3600,26),
(70,'트로피컬 칵테일','355 ml bottles',4500,15),
(71,'이룸 연유','500 g pkgs.',2100,26),
(72,'블루 특제 버터','200 g pkgs.',3400,14),
(73,'원양 순 상어알','150 g jars',3500,101),
(74,'서울 구이 김','5 kg pkg.',1000,4),
(75,'뉴트리인 맥주','0.5 l bottles',2400,125),
(76,'참스 초콜릿 드링크','500 ml',600,57),
(77,'뉴트리 샐러드 드레싱','12 boxes',1300,32),
(78,'델몬트 망고 주스','0.5 l bottles',3000,80);
/*!40000 ALTER TABLE `제품` ENABLE KEYS */;
UNLOCK TABLES;

--
-- Table structure for table `주문`
--

DROP TABLE IF EXISTS `주문`;
/*!40101 SET @saved_cs_client     = @@character_set_client */;
/*!40101 SET character_set_client = utf8 */;
CREATE TABLE `주문` (
  `주문번호` char(5) NOT NULL,
  `고객번호` char(5) DEFAULT NULL,
  `사원번호` char(3) DEFAULT NULL,
  `주문일` date DEFAULT NULL,
  `요청일` date DEFAULT NULL,
  `발송일` date DEFAULT NULL,
  PRIMARY KEY (`주문번호`)
) ENGINE=InnoDB DEFAULT CHARSET=utf8mb4 COLLATE=utf8mb4_general_ci;
/*!40101 SET character_set_client = @saved_cs_client */;

--
-- Dumping data for table `주문`
--

LOCK TABLES `주문` WRITE;
/*!40000 ALTER TABLE `주문` DISABLE KEYS */;
INSERT INTO `주문` VALUES
('H0248','NETVI','E04','2020-03-12','2020-04-09','2020-03-24'),
('H0249','MSPTO','E06','2020-03-13','2020-04-24','2020-03-18'),
('H0250','NARHA','E04','2020-03-16','2020-04-13','2020-03-20'),
('H0251','CTEVI','E03','2020-03-16','2020-04-13','2020-03-23'),
('H0252','PRDSU','E04','2020-03-17','2020-04-14','2020-03-19'),
('H0253','NARHA','E03','2020-03-18','2020-04-01','2020-03-24'),
('H0254','OPSCH','E04','2020-03-19','2020-04-16','2020-03-31'),
('H0255','CSURI','E09','2020-03-20','2020-04-17','2020-03-23'),
('H0256','LLIWE','E03','2020-03-23','2020-04-20','2020-03-25'),
('H0257','LAAHI','E04','2020-03-24','2020-04-21','2020-03-30'),
('H0258','NSHER','E01','2020-03-25','2020-04-22','2020-03-31'),
('H0259','NTCCE','E04','2020-03-26','2020-04-23','2020-04-02'),
('H0260','TIKOT','E04','2020-03-27','2020-04-24','2020-04-06'),
('H0261','EDEQU','E04','2020-03-27','2020-04-24','2020-04-07'),
('H0262','TTCRA','E07','2020-03-30','2020-04-27','2020-04-02'),
('H0263','NSHER','E09','2020-03-31','2020-04-28','2020-04-08'),
('H0264','LKOFO','E06','2020-04-01','2020-04-29','2020-05-01'),
('H0265','ONPBL','E03','2020-04-02','2020-04-30','2020-04-20'),
('H0266','RTHWA','E03','2020-04-03','2020-05-15','2020-04-08'),
('H0267','ANKFR','E04','2020-04-06','2020-05-04','2020-04-14'),
('H0268','OSRGR','E07','2020-04-07','2020-05-05','2020-04-10'),
('H0269','ITCWH','E04','2020-04-08','2020-04-22','2020-04-17'),
('H0270','RTHWA','E01','2020-04-09','2020-05-07','2020-04-10'),
('H0271','LIRSP','E06','2020-04-09','2020-05-07','2020-05-08'),
('H0272','TTCRA','E06','2020-04-10','2020-05-08','2020-04-14'),
('H0273','ICKQU','E03','2020-04-13','2020-05-11','2020-04-20'),
('H0274','NETVI','E06','2020-04-14','2020-05-12','2020-04-24'),
('H0275','GAAMA','E01','2020-04-15','2020-05-13','2020-04-17'),
('H0276','RTUTO','E07','2020-04-16','2020-04-30','2020-04-22'),
('H0277','RGKMO','E03','2020-04-17','2020-05-15','2020-04-21'),
('H0278','RGSBE','E07','2020-04-20','2020-05-18','2020-04-24'),
('H0279','HMSLE','E07','2020-04-21','2020-05-19','2020-04-24'),
('H0280','RGSBE','E03','2020-04-22','2020-05-20','2020-05-21'),
('H0281','MEYRO','E04','2020-04-22','2020-05-06','2020-04-29'),
('H0282','MEYRO','E04','2020-04-23','2020-05-21','2020-04-29'),
('H0283','LASLI','E03','2020-04-24','2020-05-22','2020-05-01'),
('H0284','HMSLE','E04','2020-04-27','2020-05-25','2020-05-05'),
('H0285','ICKQU','E01','2020-04-28','2020-05-26','2020-05-04'),
('H0286','ICKQU','E07','2020-04-29','2020-05-27','2020-05-08'),
('H0287','CARRI','E07','2020-04-30','2020-05-28','2020-05-06'),
('H0288','GGCRE','E04','2020-05-01','2020-05-29','2020-05-12'),
('H0289','BEVBS','E07','2020-05-04','2020-06-01','2020-05-06'),
('H0290','MMICO','E07','2020-05-05','2020-06-02','2020-05-12'),
('H0291','EDEQU','E06','2020-05-05','2020-06-02','2020-05-13'),
('H0292','ADHTR','E01','2020-05-06','2020-06-03','2020-05-11'),
('H0293','RTUTO','E01','2020-05-07','2020-06-04','2020-05-20'),
('H0294','TTCRA','E04','2020-05-08','2020-06-05','2020-05-14'),
('H0295','NETVI','E03','2020-05-11','2020-06-08','2020-05-19'),
('H0296','LASLI','E06','2020-05-12','2020-06-09','2020-05-20'),
('H0297','ONPBL','E04','2020-05-13','2020-06-24','2020-05-19'),
('H0298','NGOHU','E06','2020-05-14','2020-06-11','2020-05-20'),
('H0299','CARRI','E04','2020-05-15','2020-06-12','2020-05-22'),
('H0300','GAAMA','E03','2020-05-18','2020-06-15','2020-05-27'),
('H0301','NDKWA','E07','2020-05-18','2020-06-15','2020-05-26'),
('H0302','PRDSU','E04','2020-05-19','2020-06-16','2020-06-17'),
('H0303','DOSGO','E07','2020-05-20','2020-06-17','2020-05-27'),
('H0304','RTUTO','E01','2020-05-21','2020-06-18','2020-05-26'),
('H0305','DWOOL','E07','2020-05-22','2020-06-19','2020-06-17'),
('H0306','MEYRO','E01','2020-05-25','2020-06-22','2020-06-01'),
('H0307','NEPLO','E03','2020-05-26','2020-06-23','2020-06-03'),
('H0308','ATRAN','E07','2020-05-27','2020-06-24','2020-06-02'),
('H0309','NGOHU','E03','2020-05-28','2020-06-25','2020-07-01'),
('H0310','EBITH','E07','2020-05-29','2020-06-26','2020-06-05'),
('H0311','MONDU','E01','2020-05-29','2020-06-12','2020-06-04'),
('H0312','NDKWA','E03','2020-06-01','2020-06-29','2020-06-11'),
('H0313','ICKQU','E03','2020-06-02','2020-06-30','2020-06-12'),
('H0314','TTCRA','E01','2020-06-03','2020-07-01','2020-06-12'),
('H0315','LATIS','E04','2020-06-04','2020-07-02','2020-06-11'),
('H0316','TTCRA','E01','2020-06-05','2020-07-03','2020-06-16'),
('H0317','NEPLO','E06','2020-06-08','2020-07-06','2020-06-18'),
('H0318','LATIS','E07','2020-06-09','2020-07-07','2020-06-12'),
('H0319','RTUTO','E07','2020-06-10','2020-07-08','2020-06-19'),
('H0320','RTHWA','E04','2020-06-11','2020-06-25','2020-06-26'),
('H0321','LATIS','E03','2020-06-11','2020-07-09','2020-06-19'),
('H0322','RICPE','E07','2020-06-12','2020-07-10','2020-07-01'),
('H0323','ENEKO','E04','2020-06-15','2020-07-13','2020-06-22'),
('H0324','VEASA','E09','2020-06-16','2020-07-14','2020-06-18'),
('H0325','ENEKO','E01','2020-06-17','2020-07-01','2020-06-22'),
('H0326','LIDBO','E04','2020-06-18','2020-07-16','2020-06-22'),
('H0327','LKOFO','E03','2020-06-19','2020-07-17','2020-06-22'),
('H0328','RIBFU','E04','2020-06-22','2020-07-20','2020-06-25'),
('H0329','LIRSP','E04','2020-06-23','2020-08-04','2020-07-01'),
('H0330','LASLI','E03','2020-06-24','2020-07-22','2020-07-06'),
('H0331','NAPBO','E09','2020-06-24','2020-08-05','2020-06-29'),
('H0332','REPME','E03','2020-06-25','2020-08-06','2020-06-29'),
('H0333','RTHWA','E04','2020-06-26','2020-07-24','2020-07-03'),
('H0334','CTEVI','E07','2020-06-29','2020-07-27','2020-07-06'),
('H0335','NGOHU','E07','2020-06-30','2020-07-28','2020-07-02'),
('H0336','INIPR','E07','2020-07-01','2020-07-29','2020-07-03'),
('H0337','ANKFR','E04','2020-07-02','2020-07-30','2020-07-07'),
('H0338','DWOOL','E04','2020-07-03','2020-07-31','2020-07-07'),
('H0339','REPME','E03','2020-07-06','2020-08-03','2020-07-13'),
('H0340','NAPBO','E01','2020-07-07','2020-08-04','2020-07-17'),
('H0341','MOBSI','E07','2020-07-07','2020-08-04','2020-07-14'),
('H0342','ANKFR','E04','2020-07-08','2020-07-22','2020-07-13'),
('H0343','HMSLE','E04','2020-07-09','2020-08-06','2020-07-15'),
('H0344','ITCWH','E04','2020-07-10','2020-08-07','2020-07-14'),
('H0345','ICKQU','E03','2020-07-13','2020-08-10','2020-07-20'),
('H0346','TTCRA','E03','2020-07-14','2020-08-25','2020-07-17'),
('H0347','MIAFA','E04','2020-07-15','2020-08-12','2020-07-17'),
('H0348','NDKWA','E04','2020-07-16','2020-08-13','2020-07-24'),
('H0349','LIRSP','E07','2020-07-17','2020-08-14','2020-07-24'),
('H0350','MAILA','E06','2020-07-20','2020-08-17','2020-08-11'),
('H0351','NSHER','E01','2020-07-20','2020-08-17','2020-07-29'),
('H0352','RIBFU','E03','2020-07-21','2020-08-04','2020-07-27'),
('H0353','CCOPI','E07','2020-07-22','2020-08-19','2020-08-03'),
('H0354','RICPE','E07','2020-07-23','2020-08-20','2020-07-29'),
('H0355','OUTAR','E06','2020-07-24','2020-08-21','2020-07-29'),
('H0356','NDKWA','E06','2020-07-27','2020-08-24','2020-08-05'),
('H0357','LASLI','E01','2020-07-28','2020-08-25','2020-08-10'),
('H0358','MAILA','E04','2020-07-29','2020-08-26','2020-08-05'),
('H0359','VESSE','E04','2020-07-30','2020-08-27','2020-08-04'),
('H0360','ONPBL','E04','2020-07-31','2020-08-28','2020-08-10'),
('H0361','ICKQU','E01','2020-07-31','2020-08-28','2020-08-11'),
('H0362','NAPBO','E03','2020-08-03','2020-08-31','2020-08-06'),
('H0363','ACDDR','E04','2020-08-04','2020-09-01','2020-08-12'),
('H0364','STCEA','E01','2020-08-04','2020-09-15','2020-08-12'),
('H0365','TONAN','E03','2020-08-05','2020-09-02','2020-08-10'),
('H0366','LEDGA','E07','2020-08-06','2020-09-17','2020-09-07'),
('H0367','FFEVA','E07','2020-08-06','2020-09-03','2020-08-10'),
('H0368','NSHER','E03','2020-08-07','2020-09-04','2020-08-10'),
('H0369','LIRSP','E07','2020-08-10','2020-09-07','2020-08-17'),
('H0370','OPSCH','E06','2020-08-11','2020-09-08','2020-09-04'),
('H0371','MAILA','E01','2020-08-11','2020-09-08','2020-09-01'),
('H0372','EENQU','E04','2020-08-12','2020-09-09','2020-08-17'),
('H0373','NGOHU','E04','2020-08-13','2020-09-10','2020-08-19'),
('H0374','LZAWO','E01','2020-08-13','2020-09-10','2020-08-17'),
('H0375','NGCHU','E03','2020-08-14','2020-09-11','2020-08-17'),
('H0376','REPME','E01','2020-08-17','2020-09-14','2020-08-21'),
('H0377','VESSE','E01','2020-08-17','2020-09-14','2020-08-21'),
('H0378','LKOFO','E04','2020-08-18','2020-09-15','2020-08-27'),
('H0379','EDEQU','E03','2020-08-19','2020-09-16','2020-08-21'),
('H0380','NGOHU','E07','2020-08-20','2020-09-17','2020-09-24'),
('H0381','LASLI','E03','2020-08-20','2020-09-17','2020-08-21'),
('H0382','NSHER','E04','2020-08-21','2020-09-18','2020-08-24'),
('H0383','OUTAR','E07','2020-08-24','2020-09-21','2020-08-26'),
('H0384','RGSBE','E03','2020-08-24','2020-09-21','2020-08-28'),
('H0385','LIRSP','E01','2020-08-25','2020-09-22','2020-08-31'),
('H0386','MIAFA','E09','2020-08-26','2020-09-09','2020-09-02'),
('H0387','NTGSA','E01','2020-08-26','2020-09-23','2020-08-28'),
('H0388','VESSE','E03','2020-08-27','2020-09-24','2020-08-28'),
('H0389','TTMBO','E04','2020-08-28','2020-09-25','2020-09-01'),
('H0390','NSHER','E06','2020-08-31','2020-09-28','2020-09-03'),
('H0391','ACDDR','E03','2020-08-31','2020-09-28','2020-09-08'),
('H0392','CCOPI','E03','2020-09-01','2020-09-29','2020-09-09'),
('H0393','VEASA','E01','2020-09-02','2020-09-30','2020-09-11'),
('H0394','NGCHU','E01','2020-09-02','2020-09-30','2020-09-11'),
('H0395','LAAHI','E06','2020-09-03','2020-10-01','2020-09-11'),
('H0396','ANKFR','E01','2020-09-04','2020-09-18','2020-09-14'),
('H0397','INIPR','E04','2020-09-04','2020-10-02','2020-09-10'),
('H0398','VEASA','E03','2020-09-07','2020-10-05','2020-09-17'),
('H0399','FFEVA','E07','2020-09-08','2020-09-22','2020-09-16'),
('H0400','STCEA','E01','2020-09-09','2020-10-07','2020-09-24'),
('H0401','TTCRA','E01','2020-09-09','2020-10-07','2020-09-18'),
('H0402','NSHER','E07','2020-09-10','2020-10-22','2020-09-18'),
('H0403','NSHER','E04','2020-09-11','2020-10-09','2020-09-17'),
('H0404','GAAMA','E03','2020-09-11','2020-10-09','2020-09-16'),
('H0405','NODLI','E01','2020-09-14','2020-10-12','2020-09-30'),
('H0406','EENQU','E07','2020-09-15','2020-10-27','2020-09-21'),
('H0407','TIKOT','E03','2020-09-15','2020-10-13','2020-10-08'),
('H0408','LIGFO','E07','2020-09-16','2020-10-14','2020-09-22'),
('H0409','EANOC','E03','2020-09-17','2020-10-15','2020-09-22'),
('H0410','TTMBO','E03','2020-09-18','2020-10-16','2020-09-23'),
('H0411','TTMBO','E09','2020-09-18','2020-10-16','2020-09-29'),
('H0412','RTHWA','E07','2020-09-21','2020-10-19','2020-09-23'),
('H0413','MAILA','E03','2020-09-22','2020-10-20','2020-09-24'),
('H0414','MIAFA','E03','2020-09-22','2020-10-20','2020-09-25'),
('H0415','NGCHU','E03','2020-09-23','2020-10-21','2020-10-02'),
('H0416','RTHWA','E07','2020-09-24','2020-10-22','2020-10-05'),
('H0417','MOBSI','E04','2020-09-24','2020-10-22','2020-10-06'),
('H0418','ICKQU','E04','2020-09-25','2020-10-23','2020-10-02'),
('H0419','CSURI','E04','2020-09-28','2020-10-26','2020-10-08'),
('H0420','LLIWE','E03','2020-09-29','2020-10-27','2020-10-05'),
('H0421','EDEQU','E07','2020-09-29','2020-11-10','2020-10-05'),
('H0422','ANSFR','E03','2020-09-30','2020-10-28','2020-10-09'),
('H0423','URLGO','E06','2020-10-01','2020-10-15','2020-11-02'),
('H0424','REPME','E07','2020-10-01','2020-10-29','2020-10-05'),
('H0425','MAILA','E06','2020-10-02','2020-10-30','2020-10-23'),
('H0426','LEDGA','E04','2020-10-05','2020-11-02','2020-10-15'),
('H0427','CCOPI','E04','2020-10-05','2020-11-02','2020-11-09'),
('H0428','GGCRE','E07','2020-10-06','2020-11-03','2020-10-13'),
('H0429','NGOHU','E03','2020-10-07','2020-11-18','2020-10-16'),
('H0430','NSHER','E04','2020-10-08','2020-10-22','2020-10-12'),
('H0431','TTMBO','E04','2020-10-08','2020-10-22','2020-10-16'),
('H0432','LIRSP','E03','2020-10-09','2020-10-23','2020-10-16'),
('H0433','INIPR','E03','2020-10-12','2020-11-09','2020-11-10'),
('H0434','LKOFO','E03','2020-10-12','2020-11-09','2020-10-22'),
('H0435','NSHCO','E07','2020-10-13','2020-11-24','2020-10-16'),
('H0436','ONPBL','E03','2020-10-14','2020-11-11','2020-10-20'),
('H0437','RTHWA','E07','2020-10-14','2020-11-11','2020-10-21'),
('H0438','MSPTO','E03','2020-10-15','2020-11-12','2020-10-23'),
('H0439','REPME','E06','2020-10-16','2020-11-13','2020-10-19'),
('H0440','VEASA','E04','2020-10-19','2020-11-16','2020-11-06'),
('H0441','DWOOL','E03','2020-10-19','2020-11-30','2020-11-20'),
('H0442','NSHER','E03','2020-10-20','2020-11-17','2020-10-27'),
('H0443','GGCRE','E07','2020-10-21','2020-11-18','2020-10-23'),
('H0444','RGSBE','E03','2020-10-21','2020-11-18','2020-10-30'),
('H0445','RGSBE','E03','2020-10-22','2020-11-19','2020-10-29'),
('H0446','MSPTO','E06','2020-10-23','2020-11-20','2020-10-28'),
('H0447','CARRI','E04','2020-10-23','2020-11-20','2020-11-13'),
('H0448','NCHRA','E04','2020-10-26','2020-11-23','2020-11-02'),
('H0449','ONPBL','E03','2020-10-27','2020-11-24','2020-11-05'),
('H0450','CTEVI','E07','2020-10-28','2020-11-25','2020-11-17'),
('H0451','ICKQU','E04','2020-10-28','2020-11-11','2020-11-18'),
('H0452','VEASA','E07','2020-10-29','2020-11-26','2020-11-04'),
('H0453','OUTAR','E01','2020-10-30','2020-11-27','2020-11-04'),
('H0454','MAILA','E04','2020-10-30','2020-11-27','2020-11-03'),
('H0455','RTHWA','E07','2020-11-02','2020-12-14','2020-11-09'),
('H0456','ENEKO','E07','2020-11-03','2020-12-15','2020-11-06'),
('H0457','ENEKO','E03','2020-11-03','2020-12-01','2020-11-09'),
('H0458','PRDSU','E07','2020-11-04','2020-12-02','2020-11-10'),
('H0459','CTEVI','E04','2020-11-05','2020-12-03','2020-11-06'),
('H0460','LKOFO','E07','2020-11-06','2020-12-04','2020-11-09'),
('H0461','LASLI','E01','2020-11-06','2020-12-04','2020-11-11'),
('H0462','NSHCO','E03','2020-11-09','2020-12-07','2020-11-24'),
('H0463','PRDSU','E04','2020-11-10','2020-12-08','2020-11-12'),
('H0464','RIBFU','E04','2020-11-10','2020-12-08','2020-11-20'),
('H0465','FFEVA','E01','2020-11-11','2020-12-09','2020-11-20'),
('H0466','MMICO','E04','2020-11-12','2020-12-10','2020-11-19'),
('H0467','GAAMA','E07','2020-11-12','2020-12-10','2020-11-17'),
('H0468','ENEKO','E03','2020-11-13','2020-12-11','2020-11-18'),
('H0469','ITCWH','E01','2020-11-16','2020-12-14','2020-11-20'),
('H0470','NAPBO','E04','2020-11-17','2020-12-15','2020-11-20'),
('H0471','BEVBS','E03','2020-11-17','2020-12-15','2020-11-24'),
('H0472','VESSE','E07','2020-11-18','2020-12-16','2020-11-25'),
('H0473','LATIS','E01','2020-11-19','2020-12-03','2020-11-27'),
('H0474','RICPE','E04','2020-11-19','2020-12-17','2020-11-27'),
('H0475','PRDSU','E09','2020-11-20','2020-12-18','2020-12-11'),
('H0476','LAAHI','E07','2020-11-23','2020-12-21','2020-11-30'),
('H0477','INIPR','E04','2020-11-23','2020-12-21','2020-12-01'),
('H0478','CTEVI','E03','2020-11-24','2020-12-08','2020-12-02'),
('H0479','TTCRA','E03','2020-11-25','2020-12-23','2020-11-27'),
('H0480','LIGFO','E06','2020-11-26','2020-12-24','2020-11-30'),
('H0481','CARRI','E07','2020-11-26','2020-12-24','2020-12-01'),
('H0482','ZYKLA','E01','2020-11-27','2020-12-25','2020-12-17'),
('H0483','ITCWH','E07','2020-11-30','2020-12-28','2021-01-01'),
('H0484','BEVBS','E03','2020-11-30','2020-12-28','2020-12-08'),
('H0485','NODLI','E04','2020-12-01','2020-12-15','2020-12-07'),
('H0486','LAAHI','E01','2020-12-02','2020-12-30','2020-12-09'),
('H0487','EENQU','E03','2020-12-02','2020-12-30','2020-12-04'),
('H0488','ANKFR','E07','2020-12-03','2020-12-31','2020-12-09'),
('H0489','CCOPI','E06','2020-12-04','2021-01-01','2020-12-16'),
('H0490','LAAHI','E07','2020-12-07','2021-01-04','2020-12-10'),
('H0491','RIBFU','E07','2020-12-07','2021-01-04','2020-12-15'),
('H0492','TTMBO','E03','2020-12-08','2021-01-05','2020-12-18'),
('H0493','MAILA','E04','2020-12-09','2021-01-06','2020-12-17'),
('H0494','MMICO','E04','2020-12-09','2021-01-06','2020-12-16'),
('H0495','UGBLA','E03','2020-12-10','2021-01-07','2020-12-18'),
('H0496','ADHTR','E07','2020-12-11','2021-01-08','2020-12-14'),
('H0497','HMSLE','E07','2020-12-11','2021-01-08','2020-12-14'),
('H0498','LAAHI','E07','2020-12-14','2021-01-11','2020-12-18'),
('H0499','LASLI','E04','2020-12-15','2021-01-12','2020-12-23'),
('H0500','MAILA','E06','2020-12-16','2021-01-13','2020-12-24'),
('H0501','AUSBL','E09','2020-12-16','2021-01-13','2020-12-23'),
('H0502','RICPE','E03','2020-12-17','2021-01-14','2021-01-05'),
('H0503','NGOHU','E06','2020-12-18','2021-01-15','2020-12-23'),
('H0504','ITCWH','E04','2020-12-18','2021-01-15','2020-12-25'),
('H0505','REPME','E03','2020-12-21','2021-01-18','2020-12-28'),
('H0506','ENEKO','E09','2020-12-22','2021-01-19','2021-01-08'),
('H0507','TONAN','E07','2020-12-22','2021-01-19','2020-12-29'),
('H0508','TIKOT','E01','2020-12-23','2021-01-20','2021-01-19'),
('H0509','AUSBL','E04','2020-12-24','2021-01-21','2021-01-05'),
('H0510','VEASA','E06','2020-12-25','2021-01-22','2021-01-04'),
('H0511','NAPBO','E04','2020-12-25','2021-01-22','2020-12-28'),
('H0512','MIAFA','E07','2020-12-28','2021-01-25','2020-12-31'),
('H0513','NDKWA','E07','2020-12-29','2021-02-09','2021-01-04'),
('H0514','NSHER','E03','2020-12-29','2021-01-26','2021-01-22'),
('H0515','ICKQU','E03','2020-12-30','2021-01-13','2021-01-29'),
('H0516','NGOHU','E03','2020-12-31','2021-01-28','2021-01-07'),
('H0517','RTSNO','E03','2020-12-31','2021-01-28','2021-01-05'),
('H0518','RTUTO','E04','2021-01-01','2021-01-15','2021-01-11'),
('H0519','OPSCH','E06','2021-01-04','2021-02-01','2021-01-07'),
('H0520','NTGSA','E07','2021-01-05','2021-02-02','2021-01-07'),
('H0521','CTUCA','E07','2021-01-05','2021-02-02','2021-01-08'),
('H0522','HMSLE','E04','2021-01-06','2021-02-03','2021-01-12'),
('H0523','VESSE','E07','2021-01-07','2021-02-04','2021-02-05'),
('H0524','RGSBE','E01','2021-01-07','2021-02-04','2021-01-13'),
('H0525','NAPBO','E01','2021-01-08','2021-02-05','2021-01-29'),
('H0526','RTHWA','E04','2021-01-11','2021-02-08','2021-01-21'),
('H0527','ICKQU','E07','2021-01-11','2021-02-08','2021-01-13'),
('H0528','EALGR','E06','2021-01-12','2021-01-26','2021-01-15'),
('H0529','ISDMA','E04','2021-01-13','2021-02-10','2021-01-15'),
('H0530','CCOPI','E03','2021-01-14','2021-02-11','2021-01-18'),
('H0531','EANOC','E07','2021-01-14','2021-02-11','2021-01-25'),
('H0532','STCEA','E07','2021-01-15','2021-02-12','2021-01-18'),
('H0533','LKOFO','E07','2021-01-18','2021-02-15','2021-01-28'),
('H0534','HMSLE','E07','2021-01-18','2021-02-15','2021-01-20'),
('H0535','TONAN','E04','2021-01-19','2021-02-16','2021-01-27'),
('H0536','HMSLE','E03','2021-01-20','2021-02-17','2021-02-12'),
('H0537','CSURI','E01','2021-01-20','2021-02-03','2021-01-25'),
('H0538','BEVBS','E09','2021-01-21','2021-02-18','2021-01-22'),
('H0539','BEVBS','E06','2021-01-22','2021-02-19','2021-01-29'),
('H0540','ICKQU','E03','2021-01-25','2021-02-22','2021-02-19'),
('H0541','NARHA','E03','2021-01-25','2021-02-22','2021-02-04'),
('H0542','ENEKO','E01','2021-01-26','2021-02-23','2021-02-01'),
('H0543','LASLI','E07','2021-01-27','2021-02-24','2021-01-29'),
('H0544','NEPLO','E04','2021-01-27','2021-02-24','2021-02-05'),
('H0545','ZYKLA','E07','2021-01-28','2021-02-25','2021-03-04'),
('H0546','CTEVI','E01','2021-01-29','2021-02-26','2021-02-02'),
('H0547','VESSE','E03','2021-01-29','2021-02-26','2021-02-08'),
('H0548','MSPTO','E03','2021-02-01','2021-03-01','2021-02-08'),
('H0549','ICKQU','E04','2021-02-02','2021-02-16','2021-02-05'),
('H0550','DOSGO','E07','2021-02-03','2021-03-03','2021-02-12'),
('H0551','RIBFU','E04','2021-02-03','2021-03-17','2021-02-12'),
('H0552','LAAHI','E03','2021-02-04','2021-03-04','2021-02-11'),
('H0553','RTHWA','E03','2021-02-05','2021-03-05','2021-02-09'),
('H0554','TIKOT','E04','2021-02-05','2021-03-05','2021-02-11'),
('H0555','VEASA','E06','2021-02-08','2021-03-08','2021-02-10'),
('H0556','MOBSI','E03','2021-02-09','2021-03-23','2021-02-19'),
('H0557','HMSLE','E09','2021-02-09','2021-02-23','2021-02-12'),
('H0558','OUTAR','E01','2021-02-10','2021-03-10','2021-02-16'),
('H0559','ONPBL','E06','2021-02-11','2021-03-11','2021-02-19'),
('H0560','ANKFR','E07','2021-02-12','2021-03-12','2021-02-15'),
('H0561','LKOFO','E03','2021-02-12','2021-03-12','2021-02-15'),
('H0562','GGCRE','E01','2021-02-15','2021-03-15','2021-02-18'),
('H0563','CARRI','E03','2021-02-16','2021-03-30','2021-03-02'),
('H0564','TTCRA','E04','2021-02-16','2021-03-16','2021-02-22'),
('H0565','REPME','E07','2021-02-17','2021-03-17','2021-02-24'),
('H0566','ONPBL','E09','2021-02-18','2021-03-18','2021-02-24'),
('H0567','NGOHU','E01','2021-02-18','2021-03-18','2021-02-23'),
('H0568','LEDGA','E03','2021-02-19','2021-03-19','2021-03-17'),
('H0569','TTCRA','E04','2021-02-22','2021-03-22','2021-03-19'),
('H0570','REPME','E03','2021-02-23','2021-03-23','2021-02-25'),
('H0571','NSHER','E07','2021-02-23','2021-04-06','2021-03-12'),
('H0572','RGSBE','E03','2021-02-24','2021-03-24','2021-03-03'),
('H0573','TONAN','E07','2021-02-25','2021-03-25','2021-02-26'),
('H0574','AIHTR','E04','2021-02-25','2021-03-25','2021-03-08'),
('H0575','RGKMO','E04','2021-02-26','2021-03-12','2021-03-08'),
('H0576','RTUTO','E03','2021-03-01','2021-03-15','2021-03-08'),
('H0577','AIHTR','E09','2021-03-01','2021-04-12','2021-03-08'),
('H0578','BEVBS','E04','2021-03-02','2021-03-30','2021-04-02'),
('H0579','TSSLE','E01','2021-03-03','2021-03-31','2021-03-12'),
('H0580','TIKOT','E04','2021-03-04','2021-04-01','2021-03-09'),
('H0581','MIAFA','E03','2021-03-04','2021-04-01','2021-03-10'),
('H0582','AUSBL','E03','2021-03-05','2021-04-02','2021-03-22'),
('H0583','RTHWA','E03','2021-03-08','2021-04-05','2021-03-12'),
('H0584','ONPBL','E04','2021-03-08','2021-04-05','2021-03-12'),
('H0585','LLIWE','E07','2021-03-09','2021-04-06','2021-03-18'),
('H0586','GGCRE','E09','2021-03-10','2021-04-07','2021-03-17'),
('H0587','EDEQU','E01','2021-03-10','2021-04-07','2021-03-17'),
('H0588','ICKQU','E03','2021-03-11','2021-04-08','2021-03-18'),
('H0589','EALGR','E07','2021-03-12','2021-04-09','2021-03-22'),
('H0590','REPME','E04','2021-03-15','2021-04-12','2021-03-22'),
('H0591','FFEVA','E01','2021-03-15','2021-03-29','2021-03-24'),
('H0592','HMSLE','E03','2021-03-16','2021-04-13','2021-03-24'),
('H0593','HMSLE','E07','2021-03-17','2021-04-14','2021-04-21'),
('H0594','DWOOL','E03','2021-03-17','2021-04-14','2021-03-24'),
('H0595','NSHER','E03','2021-03-18','2021-04-15','2021-03-22'),
('H0596','ITCWH','E07','2021-03-19','2021-04-16','2021-04-20'),
('H0597','CCOPI','E07','2021-03-19','2021-04-16','2021-03-26'),
('H0598','TTCRA','E01','2021-03-22','2021-04-19','2021-03-26'),
('H0599','BEVBS','E06','2021-03-23','2021-05-04','2021-03-29'),
('H0600','NGCHU','E04','2021-03-24','2021-04-21','2021-03-29'),
('H0601','LAAHI','E07','2021-03-24','2021-05-05','2021-03-30'),
('H0602','FFEVA','E07','2021-03-25','2021-04-22','2021-03-30'),
('H0603','VEASA','E07','2021-03-26','2021-04-23','2021-04-16'),
('H0604','RIBFU','E01','2021-03-26','2021-04-23','2021-04-06'),
('H0605','REPME','E01','2021-03-29','2021-04-26','2021-04-06'),
('H0606','ADHTR','E04','2021-03-30','2021-04-27','2021-04-08'),
('H0607','VEASA','E04','2021-03-30','2021-04-27','2021-04-02'),
('H0608','MSPTO','E04','2021-03-31','2021-04-28','2021-04-09'),
('H0609','MONDU','E07','2021-04-01','2021-04-29','2021-04-07'),
('H0610','MAILA','E07','2021-04-02','2021-04-30','2021-04-14'),
('H0611','LZAWO','E06','2021-04-02','2021-04-30','2021-04-09'),
('H0612','VEASA','E01','2021-04-05','2021-05-03','2021-04-09'),
('H0613','LAAHI','E04','2021-04-06','2021-05-04','2021-04-09'),
('H0614','AUSBL','E07','2021-04-06','2021-05-04','2021-04-09'),
('H0615','LMKWI','E03','2021-04-07','2021-05-05','2021-04-14'),
('H0616','EALGR','E01','2021-04-08','2021-05-06','2021-04-13'),
('H0617','EALGR','E04','2021-04-08','2021-05-06','2021-04-12'),
('H0618','REPME','E01','2021-04-09','2021-05-21','2021-04-16'),
('H0619','REPME','E03','2021-04-12','2021-05-10','2021-04-15'),
('H0620','UGBLA','E03','2021-04-13','2021-05-11','2021-04-22'),
('H0621','LATIS','E04','2021-04-13','2021-05-11','2021-04-19'),
('H0622','CARRI','E04','2021-04-14','2021-05-12','2021-04-19'),
('H0623','ANKFR','E07','2021-04-15','2021-05-13','2021-04-20'),
('H0624','ECRTH','E04','2021-04-15','2021-05-13','2021-04-27'),
('H0625','ATRAN','E03','2021-04-16','2021-05-14','2021-04-22'),
('H0626','RGSBE','E01','2021-04-19','2021-05-17','2021-04-28'),
('H0627','VEASA','E07','2021-04-19','2021-05-31','2021-04-29'),
('H0628','ONPBL','E04','2021-04-20','2021-05-18','2021-04-28'),
('H0629','DOSGO','E04','2021-04-20','2021-05-18','2021-04-28'),
('H0630','ENEKO','E01','2021-04-21','2021-05-19','2021-04-27'),
('H0631','MAILA','E07','2021-04-22','2021-05-20','2021-04-23'),
('H0632','NDKWA','E07','2021-04-22','2021-05-20','2021-04-27'),
('H0633','NSHER','E07','2021-04-23','2021-05-21','2021-04-26'),
('H0634','LIGFO','E04','2021-04-23','2021-05-21','2021-04-29'),
('H0635','GAAMA','E07','2021-04-26','2021-05-24','2021-04-29'),
('H0636','RTHWA','E04','2021-04-27','2021-05-25','2021-05-04'),
('H0637','EENQU','E06','2021-04-27','2021-05-25','2021-05-04'),
('H0638','NODLI','E03','2021-04-28','2021-05-26','2021-05-10'),
('H0639','NTGSA','E07','2021-04-28','2021-05-26','2021-05-05'),
('H0640','NDKWA','E04','2021-04-29','2021-05-27','2021-05-06'),
('H0641','LAAHI','E04','2021-04-30','2021-05-28','2021-05-04'),
('H0642','MOBSI','E07','2021-04-30','2021-05-28','2021-05-14'),
('H0643','NDKWA','E06','2021-05-03','2021-05-31','2021-05-11'),
('H0644','LLIWE','E03','2021-05-03','2021-05-31','2021-05-10'),
('H0645','NARHA','E04','2021-05-04','2021-06-01','2021-05-11'),
('H0646','NGOHU','E09','2021-05-05','2021-06-16','2021-05-12'),
('H0647','EDEQU','E04','2021-05-05','2021-05-19','2021-05-12'),
('H0648','CARRI','E04','2021-05-06','2021-06-17','2021-05-18'),
('H0649','ISDMA','E04','2021-05-06','2021-06-03','2021-05-07'),
('H0650','MIAFA','E04','2021-05-07','2021-06-04','2021-05-12'),
('H0651','NDKWA','E07','2021-05-10','2021-06-07','2021-05-20'),
('H0652','URLGO','E04','2021-05-10','2021-06-07','2021-05-17'),
('H0653','ANKFR','E01','2021-05-11','2021-06-08','2021-05-28'),
('H0654','RGSBE','E04','2021-05-11','2021-06-08','2021-05-20'),
('H0655','GGCRE','E01','2021-05-12','2021-06-09','2021-05-20'),
('H0656','EALGR','E06','2021-05-13','2021-06-10','2021-05-19'),
('H0657','VEASA','E03','2021-05-13','2021-06-10','2021-05-24'),
('H0658','ICKQU','E04','2021-05-14','2021-06-11','2021-05-17'),
('H0659','EENQU','E07','2021-05-14','2021-06-11','2021-05-19'),
('H0660','NGCHU','E07','2021-05-17','2021-06-14','2021-06-23'),
('H0661','NGOHU','E07','2021-05-18','2021-06-15','2021-05-24'),
('H0662','NEPLO','E03','2021-05-18','2021-06-15','2021-05-27'),
('H0663','NAPBO','E03','2021-05-19','2021-06-02','2021-06-11'),
('H0664','RIBFU','E01','2021-05-19','2021-06-16','2021-05-28'),
('H0665','NEPLO','E01','2021-05-20','2021-06-17','2021-05-26'),
('H0666','CSURI','E07','2021-05-21','2021-06-18','2021-05-31'),
('H0667','NSHER','E07','2021-05-21','2021-06-18','2021-05-28'),
('H0668','NDKWA','E01','2021-05-24','2021-06-21','2021-06-01'),
('H0669','MOBSI','E03','2021-05-24','2021-06-21','2021-05-31'),
('H0670','ANKFR','E04','2021-05-25','2021-06-22','2021-05-27'),
('H0671','ANRFR','E01','2021-05-26','2021-06-23','2021-06-02'),
('H0672','RGSBE','E09','2021-05-26','2021-06-09','2021-06-04'),
('H0673','LMKWI','E03','2021-05-27','2021-06-24','2021-05-28'),
('H0674','LATIS','E04','2021-05-27','2021-06-24','2021-06-08'),
('H0675','ANKFR','E04','2021-05-28','2021-06-25','2021-06-01'),
('H0676','RTUTO','E03','2021-05-31','2021-06-28','2021-06-07'),
('H0677','TONAN','E01','2021-05-31','2021-06-28','2021-06-04'),
('H0678','VEASA','E07','2021-06-01','2021-06-29','2021-06-24'),
('H0679','ONPBL','E07','2021-06-01','2021-06-29','2021-06-08'),
('H0680','DWOOL','E01','2021-06-02','2021-06-30','2021-06-04'),
('H0681','EALGR','E03','2021-06-03','2021-07-01','2021-06-08'),
('H0682','TONAN','E03','2021-06-03','2021-07-01','2021-06-09'),
('H0683','MONDU','E03','2021-06-04','2021-07-02','2021-06-09'),
('H0684','TIKOT','E03','2021-06-04','2021-07-02','2021-06-08'),
('H0685','URLGO','E04','2021-06-07','2021-06-21','2021-06-11'),
('H0686','CCOPI','E03','2021-06-08','2021-07-06','2021-06-16'),
('H0687','NGOHU','E09','2021-06-08','2021-07-06','2021-07-08'),
('H0688','FFEVA','E04','2021-06-09','2021-06-23','2021-06-15'),
('H0689','RGSBE','E01','2021-06-09','2021-07-07','2021-06-15'),
('H0690','NARHA','E01','2021-06-10','2021-07-08','2021-06-11'),
('H0691','ICKQU','E03','2021-06-11','2021-07-23','2021-06-30'),
('H0692','RGKMO','E04','2021-06-11','2021-07-09','2021-06-21'),
('H0693','ITCWH','E03','2021-06-14','2021-06-28','2021-06-18'),
('H0694','ICKQU','E07','2021-06-14','2021-07-12','2021-06-17'),
('H0695','LMKWI','E07','2021-06-15','2021-07-27','2021-06-22'),
('H0696','ITCWH','E07','2021-06-16','2021-07-28','2021-06-22'),
('H0697','NODLI','E03','2021-06-16','2021-07-14','2021-06-22'),
('H0698','NSHER','E04','2021-06-17','2021-07-15','2021-06-25'),
('H0699','RGKMO','E03','2021-06-17','2021-07-15','2021-06-21'),
('H0700','VEASA','E03','2021-06-18','2021-07-16','2021-06-24'),
('H0701','NGOHU','E06','2021-06-21','2021-07-05','2021-06-23'),
('H0702','NETVI','E04','2021-06-21','2021-08-02','2021-06-29'),
('H0703','LKOFO','E06','2021-06-22','2021-07-20','2021-06-28'),
('H0704','EENQU','E06','2021-06-22','2021-07-20','2021-07-16'),
('H0705','LAAHI','E09','2021-06-23','2021-07-21','2021-07-27'),
('H0706','DWOOL','E07','2021-06-24','2021-07-22','2021-06-29'),
('H0707','OUTAR','E04','2021-06-24','2021-07-08','2021-07-01'),
('H0708','EBITH','E06','2021-06-25','2021-08-06','2021-07-14'),
('H0709','URLGO','E01','2021-06-25','2021-07-23','2021-07-29'),
('H0710','ANSFR','E01','2021-06-28','2021-07-26','2021-07-01'),
('H0711','VEASA','E04','2021-06-29','2021-08-10','2021-07-07'),
('H0712','NGOHU','E03','2021-06-29','2021-07-27','2021-07-09'),
('H0713','VEASA','E01','2021-06-30','2021-07-28','2021-07-02'),
('H0714','VEASA','E04','2021-06-30','2021-07-28','2021-07-05'),
('H0715','NAPBO','E03','2021-07-01','2021-07-15','2021-07-07'),
('H0716','NCHRA','E04','2021-07-02','2021-07-30','2021-07-05'),
('H0717','ANKFR','E01','2021-07-02','2021-07-30','2021-07-07'),
('H0718','ENEKO','E01','2021-07-05','2021-08-02','2021-07-07'),
('H0719','TSSLE','E07','2021-07-05','2021-08-02','2021-07-14'),
('H0720','EDEQU','E07','2021-07-06','2021-07-20','2021-07-14'),
('H0721','ICKQU','E04','2021-07-07','2021-08-04','2021-07-09'),
('H0722','VEASA','E07','2021-07-07','2021-08-18','2021-07-13'),
('H0723','ITCWH','E03','2021-07-08','2021-08-05','2021-08-03'),
('H0724','REPME','E07','2021-07-08','2021-08-19','2021-07-14'),
('H0725','MIAFA','E04','2021-07-09','2021-08-06','2021-07-14'),
('H0726','STCEA','E04','2021-07-12','2021-07-26','2021-08-13'),
('H0727','GGCRE','E03','2021-07-12','2021-08-09','2021-08-13'),
('H0728','EENQU','E04','2021-07-13','2021-08-10','2021-07-20'),
('H0729','NODLI','E07','2021-07-13','2021-08-24','2021-07-23'),
('H0730','NAPBO','E04','2021-07-14','2021-08-11','2021-07-23'),
('H0731','OPSCH','E07','2021-07-15','2021-08-12','2021-07-23'),
('H0732','NAPBO','E03','2021-07-15','2021-08-12','2021-07-16'),
('H0733','RGSBE','E01','2021-07-16','2021-08-13','2021-07-19'),
('H0734','URLGO','E03','2021-07-16','2021-08-13','2021-07-21'),
('H0735','TSSLE','E06','2021-07-19','2021-08-16','2021-07-30'),
('H0736','NGOHU','E09','2021-07-20','2021-08-17','2021-07-30'),
('H0737','NETVI','E03','2021-07-20','2021-08-17','2021-07-27'),
('H0738','ECDSP','E03','2021-07-21','2021-08-18','2021-07-27'),
('H0739','NETVI','E03','2021-07-21','2021-08-18','2021-07-26'),
('H0740','ITCWH','E04','2021-07-22','2021-08-19','2021-08-03'),
('H0741','OUTAR','E04','2021-07-23','2021-08-06','2021-07-27'),
('H0742','TTMBO','E03','2021-07-23','2021-08-20','2021-07-27'),
('H0743','OUTAR','E01','2021-07-26','2021-08-23','2021-07-30'),
('H0744','FFEVA','E06','2021-07-26','2021-08-23','2021-08-02'),
('H0745','ICKQU','E09','2021-07-27','2021-08-24','2021-08-05'),
('H0746','OPSCH','E01','2021-07-28','2021-08-25','2021-07-30'),
('H0747','CCOPI','E06','2021-07-28','2021-08-25','2021-08-04'),
('H0748','VEASA','E03','2021-07-29','2021-08-26','2021-08-06'),
('H0749','LATIS','E04','2021-07-29','2021-08-26','2021-08-27'),
('H0750','RTHWA','E09','2021-07-30','2021-08-27','2021-08-02'),
('H0751','CSURI','E03','2021-08-02','2021-08-30','2021-08-11'),
('H0752','RTSNO','E03','2021-08-02','2021-08-30','2021-08-06'),
('H0753','ANSFR','E03','2021-08-03','2021-08-31','2021-08-05'),
('H0754','GAAMA','E06','2021-08-03','2021-08-31','2021-08-05'),
('H0755','NAPBO','E04','2021-08-04','2021-09-01','2021-08-06'),
('H0756','LIRSP','E07','2021-08-05','2021-09-02','2021-08-10'),
('H0757','VEASA','E06','2021-08-05','2021-09-02','2021-08-23'),
('H0758','CSURI','E03','2021-08-06','2021-09-03','2021-08-12'),
('H0759','ATRAN','E03','2021-08-06','2021-09-03','2021-08-20'),
('H0760','ISDMA','E04','2021-08-09','2021-09-06','2021-08-18'),
('H0761','TTCRA','E04','2021-08-10','2021-09-07','2021-08-16'),
('H0762','LKOFO','E03','2021-08-10','2021-09-07','2021-08-17'),
('H0763','LIGFO','E03','2021-08-11','2021-09-08','2021-08-16'),
('H0764','NSHER','E06','2021-08-11','2021-09-08','2021-08-16'),
('H0765','ICKQU','E03','2021-08-12','2021-09-09','2021-08-17'),
('H0766','TIKOT','E04','2021-08-13','2021-09-10','2021-08-17'),
('H0767','PRDSU','E04','2021-08-13','2021-09-10','2021-08-23'),
('H0768','OUTAR','E03','2021-08-16','2021-09-13','2021-08-23'),
('H0769','FFEVA','E03','2021-08-16','2021-09-13','2021-08-20'),
('H0770','NARHA','E07','2021-08-17','2021-09-14','2021-08-25'),
('H0771','NSHER','E09','2021-08-18','2021-09-15','2021-09-10'),
('H0772','HMSLE','E03','2021-08-18','2021-09-15','2021-08-27'),
('H0773','NSHER','E01','2021-08-19','2021-09-16','2021-08-24'),
('H0774','LKOFO','E04','2021-08-19','2021-09-02','2021-08-20'),
('H0775','ECRTH','E07','2021-08-20','2021-09-17','2021-09-03'),
('H0776','NSHER','E01','2021-08-23','2021-09-20','2021-08-26'),
('H0777','URLGO','E07','2021-08-23','2021-09-06','2021-09-29'),
('H0778','RGSBE','E03','2021-08-24','2021-09-21','2021-09-01'),
('H0779','RGKMO','E03','2021-08-24','2021-09-21','2021-09-22'),
('H0780','LASLI','E03','2021-08-24','2021-09-07','2021-09-02'),
('H0781','RTHWA','E03','2021-08-25','2021-09-22','2021-08-27'),
('H0782','CTUCA','E09','2021-08-25','2021-09-22','2021-08-30'),
('H0783','NARHA','E04','2021-08-26','2021-09-23','2021-08-27'),
('H0784','GAAMA','E04','2021-08-26','2021-09-23','2021-08-30'),
('H0785','OSRGR','E01','2021-08-26','2021-09-23','2021-09-01'),
('H0786','EENQU','E07','2021-08-27','2021-09-24','2021-08-31'),
('H0787','MAILA','E03','2021-08-27','2021-09-10','2021-09-03'),
('H0788','ICKQU','E01','2021-08-30','2021-09-27','2021-09-27'),
('H0789','LIGFO','E01','2021-08-30','2021-09-27','2021-09-08'),
('H0790','URLGO','E06','2021-08-30','2021-09-27','2021-09-03'),
('H0791','ANKFR','E06','2021-08-31','2021-09-28','2021-09-09'),
('H0792','LZAWO','E01','2021-08-31','2021-09-28','2021-09-08'),
('H0793','OUTAR','E03','2021-09-01','2021-09-29','2021-09-16'),
('H0794','EDEQU','E06','2021-09-01','2021-09-29','2021-09-10'),
('H0795','NSHER','E07','2021-09-01','2021-09-29','2021-09-28'),
('H0796','LAAHI','E03','2021-09-02','2021-09-30','2021-09-22'),
('H0797','ACDDR','E07','2021-09-02','2021-09-30','2021-09-13'),
('H0798','LATIS','E03','2021-09-03','2021-10-01','2021-09-13'),
('H0799','ENEKO','E09','2021-09-03','2021-10-15','2021-09-13'),
('H0800','VESSE','E01','2021-09-03','2021-10-01','2021-09-13'),
('H0801','LIDBO','E04','2021-09-06','2021-10-04','2021-09-08'),
('H0802','MOBSI','E04','2021-09-06','2021-10-04','2021-09-10'),
('H0803','LLIWE','E04','2021-09-07','2021-10-05','2021-09-14'),
('H0804','VESSE','E06','2021-09-07','2021-10-05','2021-09-15'),
('H0805','EBITH','E03','2021-09-07','2021-10-05','2021-09-17'),
('H0806','CTEVI','E03','2021-09-08','2021-10-06','2021-09-13'),
('H0807','ANSFR','E04','2021-09-08','2021-10-06','2021-10-08'),
('H0808','DWOOL','E03','2021-09-09','2021-10-07','2021-09-17'),
('H0809','LLIWE','E07','2021-09-09','2021-10-07','2021-09-15'),
('H0810','UGBLA','E03','2021-09-09','2021-10-07','2021-09-15'),
('H0811','NODLI','E07','2021-09-10','2021-10-08','2021-09-16'),
('H0812','GGCRE','E04','2021-09-10','2021-10-08','2021-09-20'),
('H0813','CARRI','E01','2021-09-13','2021-10-11','2021-09-17'),
('H0814','CTEVI','E03','2021-09-13','2021-10-11','2021-09-22'),
('H0815','VEASA','E03','2021-09-13','2021-10-11','2021-09-22'),
('H0816','EALGR','E04','2021-09-14','2021-10-12','2021-10-13'),
('H0817','ENEKO','E03','2021-09-14','2021-09-28','2021-09-21'),
('H0818','GAAMA','E07','2021-09-15','2021-10-13','2021-09-20'),
('H0819','CTUCA','E03','2021-09-15','2021-10-13','2021-09-24'),
('H0820','TTCRA','E03','2021-09-15','2021-10-13','2021-09-21'),
('H0821','LIRSP','E01','2021-09-16','2021-10-14','2021-09-23'),
('H0822','AIHTR','E06','2021-09-16','2021-10-14','2021-09-24'),
('H0823','LASLI','E04','2021-09-17','2021-10-15','2021-09-21'),
('H0824','LKOFO','E07','2021-09-17','2021-10-15','2021-10-08'),
('H0825','ACDDR','E01','2021-09-17','2021-10-15','2021-09-22'),
('H0826','ONPBL','E06','2021-09-20','2021-10-18','2021-10-15'),
('H0827','NAPBO','E01','2021-09-20','2021-10-04','2021-10-15'),
('H0828','NCHRA','E09','2021-09-21','2021-10-05','2021-10-13'),
('H0829','LATIS','E09','2021-09-21','2021-10-19','2021-10-01'),
('H0830','ADHTR','E04','2021-09-21','2021-11-02','2021-09-29'),
('H0831','NTGSA','E03','2021-09-22','2021-10-20','2021-10-01'),
('H0832','MAILA','E03','2021-09-22','2021-10-20','2021-09-27'),
('H0833','TIKOT','E06','2021-09-23','2021-10-21','2021-10-01'),
('H0834','ADHTR','E01','2021-09-23','2021-10-21','2021-09-27'),
('H0835','NETVI','E01','2021-09-23','2021-10-21','2021-09-29'),
('H0836','NSHER','E07','2021-09-24','2021-10-22','2021-09-29'),
('H0837','RGSBE','E09','2021-09-24','2021-10-22','2021-10-01'),
('H0838','NODLI','E03','2021-09-27','2021-10-25','2021-10-01'),
('H0839','ADHTR','E03','2021-09-27','2021-10-25','2021-09-30'),
('H0840','NODLI','E04','2021-09-27','2021-11-09','2021-10-25'),
('H0841','PRDSU','E04','2021-09-28','2021-10-26','2021-10-07'),
('H0842','RTUTO','E01','2021-09-28','2021-10-26','2021-10-07'),
('H0843','CTEVI','E04','2021-09-29','2021-10-27','2021-10-04'),
('H0844','CCOPI','E07','2021-09-29','2021-10-27','2021-10-04'),
('H0845','ICKQU','E07','2021-09-29','2021-10-13','2021-10-08'),
('H0846','PRDSU','E03','2021-09-30','2021-11-12','2021-10-01'),
('H0847','VEASA','E04','2021-09-30','2021-10-14','2021-10-19'),
('H0848','NSHCO','E07','2021-10-01','2021-10-29','2021-10-07'),
('H0849','ENEKO','E09','2021-10-01','2021-10-29','2021-10-08'),
('H0850','CTEVI','E01','2021-10-01','2021-11-13','2021-10-08'),
('H0851','CARRI','E04','2021-10-04','2021-11-01','2021-10-11'),
('H0852','TTCRA','E07','2021-10-04','2021-10-18','2021-10-08'),
('H0853','AUSBL','E09','2021-10-05','2021-11-02','2021-10-12'),
('H0854','NSHER','E03','2021-10-05','2021-11-02','2021-10-14'),
('H0855','DWOOL','E03','2021-10-05','2021-11-02','2021-10-13'),
('H0856','TONAN','E03','2021-10-06','2021-11-03','2021-10-19'),
('H0857','RGSBE','E07','2021-10-06','2021-11-03','2021-10-15'),
('H0858','CORLA','E03','2021-10-07','2021-11-04','2021-10-12'),
('H0859','ANKFR','E01','2021-10-07','2021-11-04','2021-10-11'),
('H0860','ANRFR','E03','2021-10-07','2021-11-04','2021-10-13'),
('H0861','ITCWH','E04','2021-10-08','2021-11-05','2021-10-26'),
('H0862','HMSLE','E07','2021-10-08','2021-11-20','2021-10-11'),
('H0863','LAAHI','E04','2021-10-11','2021-11-09','2021-10-26'),
('H0864','OUTAR','E04','2021-10-11','2021-11-09','2021-10-18'),
('H0865','ICKQU','E03','2021-10-11','2021-10-25','2021-10-21'),
('H0866','RGSBE','E04','2021-10-12','2021-11-10','2021-10-21'),
('H0867','NEPLO','E06','2021-10-12','2021-11-24','2021-10-20'),
('H0868','EENQU','E07','2021-10-13','2021-11-11','2021-11-01'),
('H0869','VESSE','E04','2021-10-13','2021-11-11','2021-10-18'),
('H0870','LZAWO','E04','2021-10-13','2021-11-11','2021-10-22'),
('H0871','NAPBO','E09','2021-10-14','2021-11-12','2021-10-19'),
('H0872','DOSGO','E04','2021-10-14','2021-11-12','2021-10-18'),
('H0873','LMKWI','E04','2021-10-15','2021-11-13','2021-10-18'),
('H0874','DOSGO','E04','2021-10-15','2021-11-13','2021-10-20'),
('H0875','RGSBE','E04','2021-10-15','2021-11-13','2021-11-10'),
('H0876','NAPBO','E07','2021-10-18','2021-11-16','2021-10-21'),
('H0877','CARRI','E01','2021-10-18','2021-11-16','2021-10-28'),
('H0878','ICKQU','E04','2021-10-19','2021-11-17','2021-10-21'),
('H0879','LMKWI','E03','2021-10-19','2021-11-17','2021-10-21'),
('H0880','LKOFO','E07','2021-10-19','2021-12-01','2021-10-27'),
('H0881','CTUCA','E04','2021-10-20','2021-11-18','2021-10-27'),
('H0882','VEASA','E04','2021-10-20','2021-11-18','2021-10-29'),
('H0883','NEPLO','E07','2021-10-21','2021-11-19','2021-10-29'),
('H0884','TSSLE','E04','2021-10-21','2021-11-19','2021-10-22'),
('H0885','PRDSU','E06','2021-10-21','2021-11-19','2021-10-27'),
('H0886','NARHA','E01','2021-10-22','2021-11-20','2021-11-09'),
('H0887','LEDGA','E07','2021-10-22','2021-11-20','2021-10-25'),
('H0888','DOSGO','E01','2021-10-25','2021-11-23','2021-11-01'),
('H0889','TTCRA','E09','2021-10-25','2021-11-23','2021-11-01'),
('H0890','MONDU','E07','2021-10-25','2021-11-23','2021-10-27'),
('H0891','HMSLE','E07','2021-10-26','2021-11-24','2021-10-28'),
('H0892','ISDMA','E04','2021-10-26','2021-11-24','2021-10-28'),
('H0893','ENEKO','E09','2021-10-27','2021-11-25','2021-10-29'),
('H0894','VEASA','E01','2021-10-27','2021-11-25','2021-10-29'),
('H0895','NSHER','E03','2021-10-27','2021-11-25','2021-11-01'),
('H0896','ISDMA','E07','2021-10-28','2021-11-26','2021-11-05'),
('H0897','NGOHU','E03','2021-10-28','2021-11-26','2021-11-03'),
('H0898','EANOC','E04','2021-10-29','2021-11-27','2021-11-13'),
('H0899','LASLI','E04','2021-10-29','2021-11-27','2021-11-04'),
('H0900','LLIWE','E01','2021-10-29','2021-11-27','2021-11-11'),
('H0901','LAAHI','E04','2021-11-01','2021-11-30','2021-11-04'),
('H0902','LKOFO','E01','2021-11-01','2021-11-30','2021-11-10'),
('H0903','NARHA','E03','2021-11-02','2021-12-01','2021-11-11'),
('H0904','ITCWH','E03','2021-11-02','2021-12-01','2021-11-05'),
('H0905','LLIWE','E09','2021-11-02','2021-12-01','2021-11-13'),
('H0906','LZAWO','E04','2021-11-03','2021-11-18','2021-11-10'),
('H0907','ECDSP','E06','2021-11-03','2021-12-02','2021-11-05'),
('H0908','GGCRE','E04','2021-11-04','2021-12-03','2021-11-13'),
('H0909','NTGSA','E01','2021-11-04','2021-12-03','2021-11-17'),
('H0910','LMKWI','E01','2021-11-04','2021-12-03','2021-11-11'),
('H0911','DOSGO','E03','2021-11-04','2021-12-03','2021-11-12'),
('H0912','NGOHU','E03','2021-11-04','2021-12-03','2021-11-25'),
('H0913','EENQU','E04','2021-11-04','2021-12-03','2021-11-11'),
('H0914','EENQU','E06','2021-11-05','2021-12-04','2021-11-09'),
('H0915','RTUTO','E03','2021-11-05','2021-12-04','2021-11-09'),
('H0916','NCHRA','E01','2021-11-05','2021-12-04','2021-11-16'),
('H0917','MEYRO','E04','2021-11-09','2021-12-07','2021-11-18'),
('H0918','TTMBO','E03','2021-11-09','2021-12-07','2021-11-18'),
('H0919','NODLI','E03','2021-11-09','2021-12-07','2021-11-11'),
('H0920','OUTAR','E04','2021-11-10','2021-12-08','2021-11-16'),
('H0921','FFEVA','E01','2021-11-10','2021-12-22','2021-11-16'),
('H0922','NARHA','E04','2021-11-10','2021-12-08','2021-11-12'),
('H0923','MAILA','E07','2021-11-10','2021-12-22','2021-11-20'),
('H0924','RGSBE','E03','2021-11-11','2021-12-09','2021-12-16'),
('H0925','NARHA','E03','2021-11-11','2021-12-09','2021-11-20'),
('H0926','ATRAN','E04','2021-11-11','2021-12-09','2021-11-18'),
('H0927','CORLA','E04','2021-11-12','2021-12-10','2021-12-16'),
('H0928','LEDGA','E01','2021-11-12','2021-12-10','2021-11-25'),
('H0929','ANKFR','E06','2021-11-12','2021-12-10','2021-11-19'),
('H0930','PRDSU','E04','2021-11-13','2021-12-25','2021-11-25'),
('H0931','CSURI','E04','2021-11-13','2021-11-27','2021-11-26'),
('H0932','NAPBO','E07','2021-11-13','2021-12-11','2021-12-01'),
('H0933','LATIS','E06','2021-11-13','2021-12-11','2021-11-23'),
('H0934','HMSLE','E03','2021-11-16','2021-12-14','2021-11-19'),
('H0935','LLIWE','E04','2021-11-16','2021-12-14','2021-11-25'),
('H0936','EALGR','E03','2021-11-16','2021-12-14','2021-11-25'),
('H0937','CTUCA','E07','2021-11-17','2021-12-01','2021-11-20'),
('H0938','ICKQU','E03','2021-11-17','2021-12-15','2021-11-23'),
('H0939','GAAMA','E03','2021-11-17','2021-12-15','2021-11-20'),
('H0940','NAPBO','E07','2021-11-18','2021-12-16','2021-11-30'),
('H0941','VEASA','E07','2021-11-18','2021-12-16','2021-11-27'),
('H0942','GGCRE','E09','2021-11-18','2021-12-16','2021-11-25'),
('H0943','BEVBS','E04','2021-11-18','2021-12-16','2021-11-26'),
('H0944','TTMBO','E06','2021-11-19','2021-12-03','2021-11-20'),
('H0945','RGKMO','E04','2021-11-19','2021-12-17','2021-11-25'),
('H0946','FFEVA','E01','2021-11-19','2021-12-17','2021-11-26'),
('H0947','BEVBS','E03','2021-11-20','2021-12-18','2021-11-23'),
('H0948','DOSGO','E03','2021-11-20','2021-12-18','2021-11-26'),
('H0949','TTMBO','E03','2021-11-20','2021-12-18','2021-11-24'),
('H0950','GAAMA','E01','2021-11-23','2021-12-21','2021-11-30'),
('H0951','CSURI','E09','2021-11-23','2022-01-04','2021-12-15'),
('H0952','FKIAL','E01','2021-11-23','2022-01-04','2021-12-01'),
('H0953','OUTAR','E09','2021-11-23','2021-12-07','2021-12-02'),
('H0954','NODLI','E04','2021-11-24','2022-01-05','2021-11-27'),
('H0955','LKOFO','E07','2021-11-24','2021-12-22','2021-11-27'),
('H0956','AUSBL','E06','2021-11-24','2022-01-05','2021-11-27'),
('H0957','LAAHI','E07','2021-11-25','2021-12-23','2021-12-04'),
('H0958','EANOC','E07','2021-11-25','2021-12-23','2021-12-04'),
('H0959','URLGO','E06','2021-11-25','2022-01-06','2021-11-30'),
('H0960','LAAHI','E03','2021-11-26','2021-12-10','2021-12-16'),
('H0961','EENQU','E07','2021-11-26','2021-12-24','2021-12-07'),
('H0962','ICKQU','E07','2021-11-26','2021-12-24','2021-11-30'),
('H0963','RIBFU','E09','2021-11-26','2021-12-24','2021-12-03'),
('H0964','ECDSP','E03','2021-11-27','2021-12-25','2021-12-01'),
('H0965','DWOOL','E06','2021-11-27','2021-12-25','2021-12-07'),
('H0966','OPSCH','E04','2021-11-27','2021-12-25','2021-12-16'),
('H0967','MSPTO','E03','2021-11-30','2021-12-28','2021-12-10'),
('H0968','NSHER','E01','2021-11-30','2021-12-28','2021-12-09'),
('H0969','MMICO','E01','2021-11-30','2021-12-28','2021-12-07'),
('H0970','LIDBO','E09','2021-12-01','2021-12-15','2022-01-01'),
('H0971','ANRFR','E03','2021-12-01','2021-12-29','2021-12-10'),
('H0972','CORLA','E04','2021-12-01','2021-12-29','2021-12-03'),
('H0973','CORLA','E06','2021-12-01','2021-12-29','2021-12-04'),
('H0974','LIRSP','E03','2021-12-02','2021-12-16','2021-12-11'),
('H0975','TTMBO','E01','2021-12-02','2021-12-30','2021-12-04'),
('H0976','LAAHI','E01','2021-12-02','2022-01-13','2021-12-11'),
('H0977','LKOFO','E07','2021-12-03','2021-12-31','2021-12-18'),
('H0978','ISDMA','E09','2021-12-03','2021-12-31','2021-12-31'),
('H0979','NSHER','E07','2021-12-03','2021-12-31','2021-12-08'),
('H0980','LKOFO','E04','2021-12-04','2022-01-15','2021-12-25'),
('H0981','NARHA','E01','2021-12-04','2022-01-01','2021-12-10'),
('H0982','TTMBO','E03','2021-12-04','2022-01-01','2021-12-16'),
('H0983','VEASA','E03','2021-12-04','2022-01-01','2021-12-14'),
('H0984','VEASA','E01','2021-12-07','2022-01-04','2021-12-11'),
('H0985','NGOHU','E03','2021-12-07','2022-01-04','2021-12-10'),
('H0986','EANOC','E07','2021-12-07','2022-01-04','2021-12-29'),
('H0987','STCEA','E07','2021-12-08','2022-01-05','2021-12-14'),
('H0988','TTCRA','E03','2021-12-08','2022-01-05','2021-12-18'),
('H0989','EDEQU','E03','2021-12-08','2022-01-05','2021-12-10'),
('H0990','NSHER','E03','2021-12-09','2022-01-20','2021-12-15'),
('H0991','ICKQU','E01','2021-12-09','2022-01-06','2021-12-15'),
('H0992','EBITH','E01','2021-12-09','2022-01-06','2021-12-11'),
('H0993','LKOFO','E07','2021-12-09','2022-01-06','2021-12-18'),
('H0994','FFEVA','E03','2021-12-10','2021-12-24','2021-12-17'),
('H0995','RICPE','E01','2021-12-10','2022-01-07','2021-12-14'),
('H0996','ICKQU','E04','2021-12-10','2022-01-07','2021-12-18'),
('H0997','LASLI','E07','2021-12-11','2022-01-22','2021-12-21'),
('H0998','LZAWO','E07','2021-12-11','2021-12-25','2021-12-25'),
('H0999','TIKOT','E06','2021-12-11','2022-01-08','2021-12-18'),
('H1000','TTCRA','E03','2021-12-14','2022-01-11','2021-12-22'),
('H1001','LKOFO','E03','2021-12-14','2022-01-11','2021-12-22'),
('H1002','VEASA','E04','2021-12-14','2022-01-11','2021-12-24'),
('H1003','ECRTH','E03','2021-12-14','2022-01-11','2021-12-16'),
('H1004','ISDMA','E03','2021-12-15','2022-01-12','2021-12-28'),
('H1005','LMKWI','E03','2021-12-15','2022-01-12','2021-12-18'),
('H1006','EALGR','E03','2021-12-15','2022-01-12','2021-12-23'),
('H1007','INIPR','E07','2021-12-16','2022-01-13','2021-12-21'),
('H1008','NSHER','E07','2021-12-16','2022-01-13','2021-12-21'),
('H1009','DOSGO','E03','2021-12-16','2022-01-13','2021-12-18'),
('H1010','GGCRE','E03','2021-12-17','2022-01-14','2021-12-29'),
('H1011','FKIAL','E03','2021-12-17','2022-01-14','2021-12-21'),
('H1012','ANKFR','E01','2021-12-17','2021-12-31','2021-12-25'),
('H1013','MEYRO','E03','2021-12-17','2022-01-14','2021-12-18'),
('H1014','NODLI','E03','2021-12-18','2022-01-15','2021-12-23'),
('H1015','NTGSA','E03','2021-12-18','2022-01-01','2021-12-28'),
('H1016','OUTAR','E09','2021-12-18','2022-01-15','2021-12-21'),
('H1017','NSHER','E09','2021-12-21','2022-01-18','2021-12-28'),
('H1018','NEPLO','E04','2021-12-21','2022-01-18','2021-12-24'),
('H1019','NCHRA','E06','2021-12-21','2022-01-18','2021-12-26'),
('H1020','TIKOT','E03','2021-12-22','2022-01-19','2021-12-24'),
('H1021','ICKQU','E03','2021-12-22','2022-01-19','2021-12-29'),
('H1022','NARHA','E09','2021-12-22','2022-01-19','2022-01-11'),
('H1023','BEVBS','E01','2021-12-22','2022-01-05','2022-01-01'),
('H1024','STCEA','E04','2021-12-23','2022-01-20','2021-12-28'),
('H1025','RTHWA','E06','2021-12-23','2022-01-20','2022-01-01'),
('H1026','ANSFR','E04','2021-12-23','2022-01-20','2022-01-05'),
('H1027','TTMBO','E01','2021-12-24','2022-01-21','2021-12-28'),
('H1028','ENEKO','E03','2021-12-24','2022-01-21','2021-12-30'),
('H1029','OPSCH','E04','2021-12-24','2022-01-21','2022-01-04'),
('H1030','VEASA','E07','2021-12-25','2022-01-22','2022-01-04'),
('H1031','VEASA','E06','2021-12-25','2022-01-22','2022-01-01'),
('H1032','ITCWH','E03','2021-12-25','2022-01-22','2021-12-31'),
('H1033','CSURI','E07','2021-12-25','2022-01-22','2021-12-31'),
('H1034','DWOOL','E07','2021-12-28','2022-02-08','2022-01-04'),
('H1035','PRDSU','E03','2021-12-28','2022-01-25','2022-01-01'),
('H1036','ACDDR','E07','2021-12-28','2022-01-25','2021-12-30'),
('H1037','DOSGO','E07','2021-12-29','2022-01-26','2022-01-04'),
('H1038','PRDSU','E01','2021-12-29','2022-01-26','2022-01-07'),
('H1039','NODLI','E01','2021-12-29','2022-01-26','2022-01-03'),
('H1040','EALGR','E04','2021-12-30','2022-01-27','2022-01-04'),
('H1041','OPSCH','E03','2021-12-30','2022-01-27','2022-01-05'),
('H1042','MMICO','E03','2021-12-30','2022-01-13','2022-01-08'),
('H1043','ECDSP','E04','2021-12-30','2022-01-27','2022-01-06'),
('H1044','LZAWO','E04','2021-12-31','2022-01-28','2022-01-08'),
('H1045','TTMBO','E06','2021-12-31','2022-01-28','2022-01-05'),
('H1046','NDKWA','E07','2021-12-31','2022-01-28','2022-01-01'),
('H1047','STCEA','E07','2022-01-01','2022-01-29','2022-01-08'),
('H1048','TTMBO','E07','2022-01-01','2022-01-29','2022-01-07'),
('H1049','URLGO','E03','2022-01-01','2022-01-29','2022-01-11'),
('H1050','LKOFO','E07','2022-01-04','2022-02-01','2022-01-12'),
('H1051','MAILA','E07','2022-01-04','2022-02-01','2022-01-09'),
('H1052','NARHA','E03','2022-01-04','2022-02-01','2022-01-08'),
('H1053','CCOPI','E03','2022-01-04','2022-02-01','2022-01-06'),
('H1054','CTUCA','E07','2022-01-05','2022-02-02','2022-01-10'),
('H1055','LAAHI','E07','2022-01-05','2022-02-02','2022-01-12'),
('H1056','STCEA','E07','2022-01-05','2022-01-19','2022-01-08'),
('H1057','RTSNO','E03','2022-01-06','2022-02-03','2022-01-08'),
('H1058','AUSBL','E09','2022-01-06','2022-02-03','2022-01-11'),
('H1059','CARRI','E03','2022-01-06','2022-02-17','2022-01-11'),
('H1060','ANSFR','E03','2022-01-07','2022-02-04','2022-01-11'),
('H1061','EALGR','E04','2022-01-07','2022-02-18','2022-01-12'),
('H1062','GGCRE','E04','2022-01-07','2022-02-04','2022-01-15'),
('H1063','NGOHU','E03','2022-01-07','2022-02-04','2022-01-13'),
('H1064','VEASA','E01','2022-01-08','2022-02-05','2022-01-11'),
('H1065','LASLI','E07','2022-01-08','2022-02-05','2022-01-16'),
('H1066','ITCWH','E07','2022-01-08','2022-02-05','2022-01-11'),
('H1067','ACDDR','E01','2022-01-11','2022-01-25','2022-01-13'),
('H1068','EENQU','E07','2022-01-11','2022-02-08','2022-01-19'),
('H1069','RTUTO','E01','2022-01-11','2022-02-08','2022-01-13'),
('H1070','HMSLE','E03','2022-01-12','2022-02-09','2022-02-12'),
('H1071','LASLI','E01','2022-01-12','2022-02-09','2022-01-20'),
('H1072','NSHER','E04','2022-01-12','2022-02-09','2022-01-20'),
('H1073','RICPE','E03','2022-01-12','2022-02-09','2022-01-20'),
('H1074','MOBSI','E07','2022-01-13','2022-02-10','2022-01-23'),
('H1075','CSURI','E07','2022-01-13','2022-02-10','2022-01-23'),
('H1076','NAPBO','E04','2022-01-13','2022-02-10','2022-01-23'),
('H1077','TTCRA','E01','2022-01-13','2022-02-10','2022-01-23');
/*!40000 ALTER TABLE `주문` ENABLE KEYS */;
UNLOCK TABLES;

--
-- Table structure for table `주문세부`
--

DROP TABLE IF EXISTS `주문세부`;
/*!40101 SET @saved_cs_client     = @@character_set_client */;
/*!40101 SET character_set_client = utf8 */;
CREATE TABLE `주문세부` (
  `주문번호` char(5) NOT NULL,
  `제품번호` int(11) NOT NULL,
  `단가` int(11) DEFAULT NULL,
  `주문수량` int(11) DEFAULT NULL,
  `할인율` float DEFAULT NULL,
  PRIMARY KEY (`주문번호`,`제품번호`)
) ENGINE=InnoDB DEFAULT CHARSET=utf8mb4 COLLATE=utf8mb4_general_ci;
/*!40101 SET character_set_client = @saved_cs_client */;

--
-- Dumping data for table `주문세부`
--

LOCK TABLES `주문세부` WRITE;
/*!40000 ALTER TABLE `주문세부` DISABLE KEYS */;
INSERT INTO `주문세부` VALUES
('H0248',11,1400,12,0),
('H0248',42,1000,10,0),
('H0248',72,3500,5,0),
('H0249',14,1900,9,0),
('H0249',51,4200,40,0),
('H0250',41,800,10,0),
('H0250',51,4200,35,0.15),
('H0250',65,1700,15,0.15),
('H0251',22,1700,6,0.05),
('H0251',57,1600,15,0.05),
('H0251',65,1700,20,0),
('H0252',20,6500,40,0.05),
('H0252',33,200,25,0.05),
('H0252',60,2700,40,0),
('H0253',31,1000,20,0),
('H0253',39,1400,42,0),
('H0253',49,1600,40,0),
('H0254',24,400,15,0.15),
('H0254',55,1900,21,0.15),
('H0254',74,800,21,0),
('H0255',2,1500,20,0),
('H0255',16,1400,35,0),
('H0255',36,1500,25,0),
('H0255',59,4400,30,0),
('H0256',53,2600,15,0),
('H0256',77,1000,12,0),
('H0257',27,3500,25,0),
('H0257',39,1400,6,0),
('H0257',77,1000,15,0),
('H0258',2,1500,50,0.2),
('H0258',5,1700,65,0.2),
('H0258',32,2600,6,0.2),
('H0259',21,800,10,0),
('H0259',37,2100,1,0),
('H0260',41,800,16,0.25),
('H0260',57,1600,50,0),
('H0260',62,3900,15,0.25),
('H0260',70,1200,21,0.25),
('H0261',21,800,20,0),
('H0261',35,1400,20,0),
('H0262',5,1700,12,0.2),
('H0262',7,2400,15,0),
('H0262',56,3000,2,0),
('H0263',16,1400,60,0.25),
('H0263',24,400,28,0),
('H0263',30,2100,60,0.25),
('H0263',74,800,36,0.25),
('H0264',2,1500,35,0),
('H0264',41,800,25,0.15),
('H0265',17,3100,30,0),
('H0265',70,1200,20,0),
('H0266',12,3000,12,0.05),
('H0267',40,1500,50,0),
('H0267',59,4400,70,0.15),
('H0267',76,1400,15,0.15),
('H0268',29,9900,10,0),
('H0268',72,2800,4,0),
('H0269',33,200,60,0.05),
('H0269',72,2800,20,0.05),
('H0270',36,1500,30,0),
('H0270',43,3700,25,0),
('H0271',33,200,24,0),
('H0272',20,6500,6,0),
('H0272',31,1000,40,0),
('H0272',72,2800,24,0),
('H0273',10,2500,24,0.05),
('H0273',31,1000,15,0.05),
('H0273',33,200,20,0),
('H0273',40,1500,60,0.05),
('H0273',76,1400,33,0.05),
('H0274',71,1700,20,0),
('H0274',72,2800,7,0),
('H0275',24,400,12,0.05),
('H0275',59,4400,6,0.05),
('H0276',10,2500,15,0),
('H0276',13,500,10,0),
('H0277',28,3600,20,0),
('H0277',62,3900,12,0),
('H0278',44,1600,16,0),
('H0278',59,4400,15,0),
('H0278',63,3500,8,0),
('H0278',73,1200,25,0),
('H0279',17,3100,15,0.25),
('H0280',24,400,12,0),
('H0280',55,1900,20,0),
('H0280',75,600,30,0),
('H0281',19,700,1,0),
('H0281',24,400,6,0),
('H0281',35,1400,4,0),
('H0282',30,2100,6,0),
('H0282',57,1600,2,0),
('H0283',15,1200,20,0),
('H0283',19,700,18,0),
('H0283',60,2700,35,0),
('H0283',72,2800,3,0),
('H0284',27,3500,15,0.25),
('H0284',44,1600,21,0),
('H0284',60,2700,20,0.25),
('H0284',67,1100,5,0.25),
('H0285',1,1400,45,0.2),
('H0285',40,1500,40,0.2),
('H0285',53,2600,36,0.2),
('H0286',35,1400,100,0),
('H0286',62,3900,40,0),
('H0287',16,1400,40,0.15),
('H0287',34,1100,20,0),
('H0287',46,1000,15,0.15),
('H0288',54,600,10,0.1),
('H0288',68,1000,3,0.1),
('H0289',3,800,30,0),
('H0289',64,2700,9,0),
('H0290',5,1700,20,0),
('H0290',29,9900,15,0),
('H0290',49,1600,15,0),
('H0290',77,1000,10,0),
('H0291',13,500,20,0.1),
('H0291',44,1600,24,0.1),
('H0291',51,4200,2,0.1),
('H0292',20,6500,20,0),
('H0293',18,5000,12,0),
('H0293',24,400,10,0),
('H0293',63,3500,5,0),
('H0293',75,600,6,0),
('H0294',1,1400,18,0),
('H0294',17,3100,15,0),
('H0294',43,3700,15,0),
('H0294',60,2700,21,0),
('H0294',75,600,6,0),
('H0295',56,3000,4,0),
('H0296',11,1700,12,0),
('H0296',16,1400,30,0),
('H0296',69,2900,15,0),
('H0297',39,1400,60,0),
('H0297',72,2800,20,0),
('H0298',2,1500,40,0),
('H0298',36,1500,40,0.25),
('H0298',59,4400,30,0.25),
('H0298',62,3900,15,0),
('H0299',19,700,15,0),
('H0299',70,1200,20,0),
('H0300',66,1400,30,0),
('H0300',68,1000,20,0),
('H0301',40,1500,10,0),
('H0301',56,3000,20,0),
('H0302',17,3100,40,0),
('H0302',28,3600,28,0),
('H0302',43,3700,12,0),
('H0303',40,1500,40,0.1),
('H0303',65,1700,30,0.1),
('H0303',68,1000,15,0.1),
('H0304',49,1600,30,0),
('H0304',59,4400,10,0),
('H0304',71,1700,2,0),
('H0305',18,5000,25,0.1),
('H0305',29,9900,25,0.1),
('H0305',39,1400,30,0.1),
('H0306',30,2100,10,0),
('H0306',53,2600,10,0),
('H0306',54,600,5,0),
('H0307',62,3900,10,0),
('H0307',68,1000,3,0),
('H0308',69,2900,1,0),
('H0308',70,1200,5,0),
('H0309',4,1800,20,0),
('H0309',6,2000,30,0),
('H0309',42,1100,2,0),
('H0309',43,3700,20,0),
('H0309',71,1700,3,0),
('H0310',16,1400,10,0),
('H0310',62,3900,5,0),
('H0311',42,1100,6,0),
('H0311',69,2900,7,0),
('H0312',28,3600,4,0),
('H0312',43,3700,24,0),
('H0312',53,2600,20,0),
('H0312',75,600,10,0),
('H0313',36,1500,12,0),
('H0314',32,2600,40,0.1),
('H0314',58,1100,30,0.1),
('H0314',62,3900,25,0.1),
('H0315',34,1100,14,0),
('H0315',70,1200,30,0),
('H0316',41,800,10,0),
('H0316',62,3900,70,0),
('H0317',1,1400,20,0),
('H0318',41,800,20,0),
('H0318',76,1400,6,0),
('H0319',17,3100,8,0),
('H0319',28,3600,14,0),
('H0319',76,1400,30,0),
('H0320',71,1700,30,0),
('H0321',35,1400,10,0),
('H0322',52,600,20,0),
('H0323',15,1200,5,0),
('H0323',25,1100,4,0),
('H0323',39,1400,4,0),
('H0324',16,1400,21,0.15),
('H0324',35,1400,70,0.15),
('H0324',46,1000,30,0),
('H0324',59,4400,40,0.15),
('H0324',63,3500,80,0.15),
('H0325',6,2000,6,0),
('H0325',13,500,12,0),
('H0325',14,1900,9,0),
('H0325',31,1000,4,0),
('H0325',72,2800,40,0),
('H0326',4,1800,24,0),
('H0326',57,1600,16,0),
('H0326',75,600,50,0),
('H0327',2,1500,25,0.2),
('H0327',11,1700,50,0.2),
('H0327',30,2100,35,0.2),
('H0327',58,1100,30,0.2),
('H0328',59,4400,9,0),
('H0328',65,1700,40,0),
('H0328',68,1000,10,0),
('H0329',19,700,10,0.05),
('H0329',30,2100,8,0.05),
('H0329',38,21100,20,0.05),
('H0329',56,3000,12,0.05),
('H0330',26,2500,50,0.15),
('H0330',72,2800,25,0.15),
('H0331',54,600,15,0),
('H0332',18,5000,40,0.2),
('H0332',42,1100,10,0.2),
('H0332',47,800,16,0.2),
('H0333',14,1900,10,0),
('H0333',21,800,10,0.1),
('H0333',71,1700,40,0.1),
('H0334',52,600,8,0),
('H0334',68,1000,10,0),
('H0335',2,1500,7,0.2),
('H0335',31,1000,25,0.2),
('H0335',32,2600,6,0.2),
('H0335',51,4200,48,0.2),
('H0336',4,1800,18,0.1),
('H0337',23,700,40,0),
('H0337',26,2500,24,0),
('H0337',36,1500,20,0),
('H0337',37,2100,28,0),
('H0337',72,2800,25,0),
('H0338',17,3100,20,0),
('H0338',30,2100,15,0),
('H0339',4,1800,10,0),
('H0339',17,3100,70,0.05),
('H0339',62,3900,28,0),
('H0340',18,5000,20,0.05),
('H0340',41,800,12,0.05),
('H0340',43,3700,40,0.05),
('H0341',33,200,8,0),
('H0341',59,4400,9,0.15),
('H0342',2,1500,24,0.2),
('H0342',31,1000,56,0.2),
('H0342',36,1500,40,0.2),
('H0342',55,1900,40,0.2),
('H0343',64,2700,50,0),
('H0343',68,1000,4,0.05),
('H0343',76,1400,15,0),
('H0344',4,1800,35,0),
('H0344',8,3200,70,0.25),
('H0345',8,3200,70,0),
('H0345',19,700,80,0),
('H0345',42,1100,9,0),
('H0346',17,3100,36,0.1),
('H0346',56,3000,20,0),
('H0347',25,1100,10,0),
('H0347',39,1400,50,0.15),
('H0347',40,1500,4,0),
('H0347',75,600,6,0.15),
('H0348',1,1400,15,0.15),
('H0348',23,700,25,0),
('H0349',54,600,24,0),
('H0350',50,1300,15,0.1),
('H0350',69,2900,18,0.1),
('H0351',38,21100,20,0.05),
('H0351',41,800,13,0),
('H0351',44,1600,77,0.05),
('H0351',65,1700,10,0.05),
('H0352',24,400,10,0),
('H0352',54,600,20,0.15),
('H0353',11,1700,12,0.2),
('H0353',38,21100,50,0.2),
('H0354',1,1400,12,0),
('H0354',29,9900,4,0),
('H0355',24,400,25,0),
('H0355',57,1600,25,0),
('H0356',31,1000,30,0),
('H0356',55,1900,12,0),
('H0356',69,2900,20,0),
('H0357',10,2500,30,0.2),
('H0357',26,2500,16,0),
('H0357',60,2700,8,0.2),
('H0358',24,400,10,0.05),
('H0358',34,1100,10,0.05),
('H0358',36,1500,20,0.05),
('H0359',16,1400,56,0.05),
('H0359',31,1000,70,0.05),
('H0359',60,2700,80,0.05),
('H0360',28,3600,30,0),
('H0360',29,9900,35,0),
('H0360',38,21100,10,0),
('H0360',49,1600,35,0),
('H0360',54,600,28,0),
('H0361',39,1400,54,0.1),
('H0361',60,2700,55,0.1),
('H0362',25,1100,50,0),
('H0362',51,4200,20,0),
('H0362',54,600,24,0),
('H0363',31,1000,20,0),
('H0363',75,600,12,0),
('H0363',76,1400,12,0),
('H0364',69,2900,30,0),
('H0364',71,1700,5,0),
('H0365',11,1700,24,0),
('H0366',65,1700,5,0),
('H0366',77,1000,5,0),
('H0367',34,1100,36,0),
('H0367',54,600,18,0),
('H0367',65,1700,15,0),
('H0367',77,1000,7,0),
('H0368',21,800,5,0.1),
('H0368',28,3600,13,0.1),
('H0368',57,1600,25,0),
('H0368',64,2700,35,0.1),
('H0369',29,9900,20,0),
('H0369',56,3000,18,0.25),
('H0370',1,1400,15,0.15),
('H0370',64,2700,30,0),
('H0370',74,800,20,0.15),
('H0371',36,1500,6,0.2),
('H0372',20,6500,12,0.25),
('H0372',38,21100,40,0.25),
('H0372',60,2700,70,0.25),
('H0372',72,2800,42,0.25),
('H0373',58,1100,80,0.2),
('H0373',71,1700,50,0.2),
('H0374',31,1000,30,0),
('H0374',58,1100,15,0),
('H0375',14,1900,15,0),
('H0375',54,600,10,0),
('H0376',31,1000,42,0.05),
('H0377',28,3600,20,0.15),
('H0377',39,1400,20,0.15),
('H0378',71,1700,6,0),
('H0379',41,800,8,0.1),
('H0379',63,3500,16,0.1),
('H0379',65,1700,20,0.1),
('H0380',30,2100,18,0.1),
('H0380',53,2600,20,0.1),
('H0380',60,2700,6,0.1),
('H0380',70,1200,30,0),
('H0381',74,800,14,0),
('H0382',5,1700,32,0),
('H0382',18,5000,9,0),
('H0382',29,9900,14,0),
('H0382',33,200,60,0),
('H0382',74,800,50,0),
('H0383',13,500,20,0),
('H0383',50,1300,15,0),
('H0383',56,3000,20,0),
('H0384',20,6500,28,0),
('H0384',60,2700,15,0),
('H0385',7,2400,10,0.2),
('H0385',60,2700,20,0.2),
('H0385',68,1000,8,0.2),
('H0386',24,400,15,0),
('H0386',34,1100,10,0),
('H0387',24,400,15,0),
('H0387',28,3600,6,0),
('H0387',59,4400,12,0),
('H0387',71,1700,15,0),
('H0388',45,800,15,0.2),
('H0388',52,600,20,0.2),
('H0388',53,2600,40,0),
('H0389',10,2500,16,0),
('H0389',55,1900,15,0),
('H0389',62,3900,20,0),
('H0389',70,1200,30,0),
('H0390',31,1000,60,0.1),
('H0390',35,1400,40,0.1),
('H0390',46,1000,45,0),
('H0390',72,2800,24,0.1),
('H0391',13,500,18,0),
('H0392',69,2900,50,0),
('H0393',2,1500,25,0.25),
('H0393',14,1900,42,0.25),
('H0393',25,1100,7,0.25),
('H0393',26,2500,70,0.25),
('H0393',31,1000,32,0),
('H0394',13,500,10,0),
('H0394',62,3900,10,0),
('H0395',46,1000,28,0.1),
('H0395',53,2600,70,0.1),
('H0395',69,2900,8,0),
('H0396',23,700,40,0),
('H0396',71,1700,60,0),
('H0396',72,2800,21,0),
('H0397',21,800,10,0.15),
('H0397',51,4200,18,0.15),
('H0398',35,1400,30,0),
('H0398',55,1900,120,0.1),
('H0399',68,1000,60,0),
('H0399',71,1700,30,0),
('H0399',76,1400,35,0),
('H0399',77,1000,14,0),
('H0400',29,9900,21,0),
('H0400',35,1400,35,0),
('H0400',49,1600,30,0),
('H0401',30,2100,18,0),
('H0401',56,3000,70,0),
('H0401',65,1700,20,0),
('H0401',71,1700,60,0),
('H0402',23,700,60,0),
('H0402',63,3500,65,0),
('H0403',16,1400,21,0.15),
('H0403',48,1000,70,0.15),
('H0404',26,2500,30,0.05),
('H0404',42,1100,40,0.05),
('H0404',49,1600,30,0.05),
('H0405',3,800,50,0),
('H0406',1,1400,10,0),
('H0406',21,800,30,0.1),
('H0406',28,3600,42,0.1),
('H0406',36,1500,5,0.1),
('H0406',40,1500,2,0.1),
('H0407',11,1700,30,0),
('H0407',69,2900,15,0),
('H0407',71,1700,15,0),
('H0408',37,2100,10,0),
('H0408',54,600,6,0),
('H0408',62,3900,35,0),
('H0409',14,1900,12,0),
('H0409',21,800,12,0),
('H0410',33,200,49,0),
('H0410',59,4400,16,0),
('H0411',41,800,25,0.2),
('H0411',44,1600,40,0.2),
('H0411',59,4400,9,0.2),
('H0412',14,1900,20,0.1),
('H0413',1,1400,24,0),
('H0413',62,3900,40,0),
('H0413',76,1400,14,0),
('H0414',19,700,18,0.05),
('H0414',33,200,50,0),
('H0415',17,3100,2,0),
('H0415',33,200,20,0),
('H0416',19,700,20,0),
('H0416',53,2600,10,0),
('H0416',57,1600,20,0),
('H0417',38,21100,50,0),
('H0417',46,1000,2,0.25),
('H0417',68,1000,36,0.25),
('H0417',77,1000,35,0),
('H0418',2,1500,60,0),
('H0418',47,800,55,0),
('H0418',61,2300,16,0),
('H0418',74,800,15,0),
('H0419',60,2700,60,0.05),
('H0419',69,2900,20,0.05),
('H0420',9,7800,20,0.1),
('H0420',13,500,2,0.1),
('H0420',70,1200,8,0.1),
('H0420',73,1200,20,0.1),
('H0421',19,700,4,0.15),
('H0421',26,2500,30,0),
('H0421',53,2600,15,0.15),
('H0421',77,1000,10,0.15),
('H0422',26,2500,2,0),
('H0423',31,1000,14,0),
('H0423',59,4400,20,0),
('H0424',35,1400,60,0.2),
('H0424',38,21100,49,0.2),
('H0424',68,1000,30,0.2),
('H0425',55,1900,10,0.25),
('H0425',76,1400,20,0.25),
('H0426',56,3000,5,0),
('H0426',64,2700,7,0),
('H0427',14,1900,35,0),
('H0428',46,1000,20,0),
('H0429',50,1300,40,0),
('H0429',63,3500,35,0.25),
('H0430',17,3100,45,0.2),
('H0430',21,800,50,0),
('H0430',56,3000,30,0),
('H0430',59,4400,70,0.2),
('H0431',17,3100,50,0.25),
('H0431',40,1500,50,0.25),
('H0431',47,800,30,0.25),
('H0432',26,2500,10,0),
('H0432',54,600,40,0),
('H0433',56,3000,28,0),
('H0434',11,1700,6,0),
('H0434',76,1400,18,0.15),
('H0435',2,1500,10,0),
('H0435',22,1700,12,0),
('H0435',72,2800,10,0),
('H0436',46,1000,5,0),
('H0436',56,3000,40,0.1),
('H0436',64,2700,30,0.1),
('H0436',75,600,24,0.1),
('H0437',53,2600,15,0),
('H0438',19,700,15,0.2),
('H0438',34,1100,20,0.2),
('H0438',57,1600,15,0.2),
('H0439',12,3000,15,0),
('H0439',16,1400,16,0),
('H0439',64,2700,6,0),
('H0439',74,800,30,0),
('H0440',2,1500,45,0.15),
('H0440',16,1400,49,0.15),
('H0440',29,9900,24,0.15),
('H0440',61,2300,90,0.15),
('H0441',27,3500,50,0),
('H0442',11,1700,30,0),
('H0442',54,600,80,0),
('H0442',66,1400,60,0),
('H0443',11,1700,6,0.2),
('H0443',28,3600,12,0),
('H0444',17,3100,10,0),
('H0444',26,2500,15,0),
('H0444',35,1400,8,0),
('H0444',41,800,30,0),
('H0445',39,1400,6,0),
('H0445',54,600,15,0),
('H0446',19,700,12,0.1),
('H0446',24,400,20,0.1),
('H0446',31,1000,3,0.1),
('H0446',52,600,15,0.1),
('H0447',19,700,40,0),
('H0447',65,1700,35,0),
('H0447',71,1700,2,0),
('H0448',26,2500,6,0),
('H0448',40,1500,20,0),
('H0449',10,2500,14,0),
('H0449',52,600,20,0),
('H0449',62,3900,35,0),
('H0450',10,2500,20,0.2),
('H0450',54,600,6,0.2),
('H0451',55,1900,120,0.1),
('H0451',64,2700,35,0.1),
('H0451',65,1700,28,0.1),
('H0451',77,1000,55,0.1),
('H0452',28,3600,15,0),
('H0452',44,1600,100,0.05),
('H0453',48,1000,15,0.1),
('H0453',70,1200,25,0.1),
('H0454',16,1400,20,0.2),
('H0454',33,200,20,0.2),
('H0454',46,1000,10,0.2),
('H0455',39,1400,20,0),
('H0455',53,2600,50,0),
('H0455',61,2300,25,0),
('H0455',71,1700,30,0),
('H0456',21,800,40,0.15),
('H0456',49,1600,21,0.15),
('H0457',59,4400,36,0),
('H0458',26,2500,30,0),
('H0458',28,3600,30,0),
('H0458',43,3700,20,0),
('H0458',56,3000,15,0),
('H0458',71,1700,50,0),
('H0459',7,2400,16,0.05),
('H0459',46,1000,20,0.05),
('H0459',72,2800,40,0),
('H0460',68,1000,21,0.25),
('H0460',75,600,4,0.25),
('H0461',21,800,40,0.25),
('H0461',30,2100,28,0.25),
('H0461',55,1900,60,0.25),
('H0462',13,500,1,0),
('H0462',23,700,21,0),
('H0463',19,700,21,0),
('H0463',42,1100,50,0),
('H0464',4,1800,16,0.2),
('H0464',43,3700,3,0),
('H0464',56,3000,30,0.2),
('H0464',60,2700,20,0),
('H0465',24,400,25,0),
('H0465',29,9900,18,0.1),
('H0465',40,1500,20,0),
('H0465',45,800,30,0.1),
('H0465',50,1300,25,0),
('H0466',11,1700,10,0),
('H0466',46,1000,5,0),
('H0467',24,400,28,0),
('H0467',25,1100,12,0),
('H0468',30,2100,8,0),
('H0468',43,3700,15,0),
('H0469',2,1500,40,0.15),
('H0469',16,1400,35,0.15),
('H0469',44,1600,2,0.15),
('H0470',18,5000,30,0),
('H0470',23,700,15,0),
('H0470',64,2700,8,0),
('H0471',7,2400,30,0),
('H0471',56,3000,20,0),
('H0472',24,400,80,0.05),
('H0472',51,4200,18,0),
('H0473',33,200,12,0),
('H0473',71,1700,12,0),
('H0474',14,1900,12,0),
('H0474',28,3600,18,0),
('H0474',40,1500,21,0),
('H0474',75,600,10,0),
('H0475',31,1000,35,0.15),
('H0475',66,1400,60,0.15),
('H0475',76,1400,42,0.15),
('H0476',55,1900,2,0.05),
('H0476',70,1200,12,0),
('H0477',1,1400,15,0),
('H0477',21,800,21,0.25),
('H0477',39,1400,20,0.25),
('H0478',10,2500,20,0.05),
('H0479',38,21100,30,0),
('H0479',53,2600,28,0),
('H0479',59,4400,60,0),
('H0479',64,2700,30,0),
('H0480',47,800,30,0),
('H0480',59,4400,12,0),
('H0481',49,1600,24,0),
('H0481',60,2700,40,0),
('H0482',40,1500,10,0),
('H0483',34,1100,35,0.05),
('H0483',77,1000,30,0.05),
('H0484',21,800,14,0),
('H0484',40,1500,10,0),
('H0484',51,4200,3,0),
('H0485',2,1500,20,0.1),
('H0485',3,800,20,0.1),
('H0485',55,1900,30,0.1),
('H0485',70,1200,60,0.1),
('H0486',11,1700,5,0),
('H0486',51,4200,25,0),
('H0486',74,800,16,0),
('H0487',19,700,5,0),
('H0487',26,2500,30,0),
('H0487',54,600,24,0.25),
('H0488',59,4400,30,0),
('H0488',73,1200,20,0.2),
('H0489',11,1700,15,0.25),
('H0489',16,1400,18,0),
('H0490',59,4400,60,0),
('H0490',68,1000,30,0),
('H0490',75,600,36,0),
('H0491',44,1600,15,0.15),
('H0491',77,1000,7,0.15),
('H0492',25,1100,60,0.05),
('H0492',42,1100,20,0.05),
('H0493',65,1700,15,0.1),
('H0493',66,1400,10,0.1),
('H0493',69,2900,10,0.1),
('H0494',56,3000,30,0),
('H0495',23,700,10,0),
('H0495',41,800,20,0),
('H0495',77,1000,5,0),
('H0496',31,1000,20,0.05),
('H0497',56,3000,14,0),
('H0497',72,2800,25,0),
('H0497',77,1000,25,0),
('H0498',24,500,14,0),
('H0498',40,1800,5,0),
('H0498',42,1400,30,0),
('H0499',28,4600,20,0),
('H0499',49,2000,25,0),
('H0500',15,1600,12,0.05),
('H0500',28,4600,8,0.05),
('H0501',54,700,20,0),
('H0502',45,1000,21,0),
('H0502',53,3300,6,0),
('H0502',67,1400,30,0),
('H0503',14,2300,70,0),
('H0503',65,2100,20,0),
('H0504',2,1900,12,0),
('H0504',21,1000,12,0),
('H0504',53,3300,10,0),
('H0504',61,2900,25,0),
('H0505',62,4900,3,0),
('H0506',25,1400,18,0.1),
('H0506',70,1500,14,0.1),
('H0507',43,4600,15,0.15),
('H0507',48,1300,15,0.15),
('H0508',13,600,10,0),
('H0508',39,1800,10,0),
('H0509',28,4600,3,0),
('H0510',29,12400,36,0),
('H0510',75,800,36,0.1),
('H0511',4,2200,50,0.15),
('H0511',7,3000,50,0.15),
('H0511',8,4000,10,0.15),
('H0512',24,500,10,0.15),
('H0512',46,1200,9,0.15),
('H0512',47,1000,6,0.15),
('H0512',60,3400,12,0.15),
('H0513',21,1000,40,0.2),
('H0513',32,3200,50,0.2),
('H0513',61,2900,15,0.2),
('H0514',20,8100,39,0),
('H0514',28,4600,35,0),
('H0514',56,3800,70,0),
('H0514',65,2100,39,0),
('H0514',75,800,50,0),
('H0515',9,9700,16,0.15),
('H0515',16,1700,50,0),
('H0515',27,4400,120,0),
('H0515',33,300,16,0.15),
('H0515',60,3400,84,0.15),
('H0516',18,6300,25,0.1),
('H0516',41,1000,80,0.1),
('H0516',42,1400,20,0),
('H0517',52,700,6,0),
('H0517',59,5500,4,0),
('H0517',70,1500,6,0),
('H0518',24,500,5,0),
('H0518',38,26400,15,0),
('H0518',44,1900,9,0),
('H0519',10,3100,16,0.05),
('H0519',56,3800,40,0),
('H0519',60,3400,10,0.05),
('H0520',24,500,8,0),
('H0520',53,3300,5,0),
('H0521',35,1800,3,0),
('H0521',41,1000,10,0),
('H0521',68,1300,6,0),
('H0522',1,1800,40,0.2),
('H0522',8,4000,24,0),
('H0522',30,2600,20,0.2),
('H0522',40,1800,25,0.2),
('H0523',17,3900,25,0.1),
('H0523',20,8100,15,0.1),
('H0523',37,2600,18,0.1),
('H0523',41,1000,6,0.1),
('H0524',10,3100,2,0),
('H0524',30,2600,10,0),
('H0524',43,4600,60,0),
('H0524',54,700,15,0),
('H0525',36,1900,30,0),
('H0525',40,1800,15,0.1),
('H0526',1,1800,8,0.15),
('H0526',13,600,10,0),
('H0526',56,3800,30,0.15),
('H0527',4,2200,50,0.1),
('H0527',36,1900,30,0.1),
('H0528',11,2100,3,0),
('H0528',33,300,8,0.2),
('H0528',72,3500,9,0),
('H0529',55,2400,14,0),
('H0529',68,1300,20,0),
('H0529',69,3600,10,0),
('H0530',17,3900,40,0),
('H0530',43,4600,25,0),
('H0530',61,2900,20,0),
('H0530',76,1800,50,0),
('H0531',59,5500,2,0),
('H0532',30,2600,15,0),
('H0532',66,1700,24,0),
('H0533',4,2200,50,0.05),
('H0533',72,3500,24,0),
('H0533',73,1500,24,0.05),
('H0534',30,2600,10,0),
('H0534',40,1800,10,0.2),
('H0534',54,700,10,0.2),
('H0535',11,2100,50,0.1),
('H0535',40,1800,10,0.1),
('H0535',57,2000,5,0.1),
('H0535',59,5500,15,0.1),
('H0536',12,3800,15,0.25),
('H0536',31,1300,20,0),
('H0536',33,300,30,0),
('H0536',60,3400,35,0.25),
('H0537',31,1300,30,0),
('H0537',51,5300,6,0),
('H0537',58,1300,20,0),
('H0537',72,3500,21,0),
('H0537',73,1500,9,0),
('H0538',70,1500,7,0),
('H0538',72,3500,1,0),
('H0539',13,600,8,0),
('H0539',21,1000,15,0),
('H0539',33,300,15,0),
('H0539',49,2000,6,0),
('H0540',3,1000,60,0),
('H0540',26,3100,40,0),
('H0540',38,26400,30,0),
('H0540',68,1300,35,0),
('H0541',24,500,35,0.1),
('H0541',38,26400,4,0.1),
('H0541',65,2100,36,0.1),
('H0541',71,2200,9,0.1),
('H0542',11,2100,15,0.05),
('H0542',54,700,24,0.05),
('H0543',12,3800,30,0.15),
('H0543',23,900,70,0.15),
('H0544',28,4600,7,0),
('H0544',67,1400,7,0),
('H0545',11,2100,10,0),
('H0546',7,3000,10,0),
('H0546',35,1800,30,0),
('H0546',62,4900,40,0),
('H0547',32,3200,24,0.15),
('H0547',36,1900,60,0),
('H0548',34,1400,10,0.25),
('H0548',41,1000,14,0),
('H0549',31,1300,55,0.15),
('H0549',45,1000,100,0.15),
('H0549',51,5300,48,0.15),
('H0550',17,3900,8,0.1),
('H0550',19,900,10,0),
('H0550',21,1000,6,0.1),
('H0550',61,2900,10,0.1),
('H0551',16,1700,40,0.15),
('H0551',35,1800,20,0.15),
('H0551',44,1900,40,0),
('H0552',69,3600,18,0),
('H0552',75,800,30,0),
('H0553',11,2100,15,0),
('H0553',16,1700,14,0),
('H0553',22,2100,24,0),
('H0553',31,1300,30,0),
('H0553',35,1800,6,0),
('H0554',16,1700,30,0.05),
('H0554',23,900,20,0.05),
('H0554',62,4900,20,0.05),
('H0554',77,1300,10,0.05),
('H0555',14,2300,30,0.2),
('H0555',19,900,35,0.2),
('H0555',24,500,18,0.2),
('H0555',51,5300,20,0.2),
('H0555',56,3800,40,0.2),
('H0556',72,3500,24,0),
('H0557',64,3300,30,0),
('H0557',75,800,20,0),
('H0558',47,1000,25,0),
('H0558',51,5300,20,0),
('H0558',52,700,30,0),
('H0558',53,3300,18,0),
('H0558',73,1500,3,0),
('H0559',41,1000,12,0.05),
('H0559',55,2400,18,0.05),
('H0560',30,2600,20,0),
('H0560',62,4900,15,0.25),
('H0561',44,1900,10,0),
('H0561',51,5300,50,0),
('H0562',33,300,20,0.1),
('H0562',62,4900,10,0.1),
('H0563',36,1900,25,0),
('H0563',52,700,70,0),
('H0564',17,3900,16,0.05),
('H0564',31,1300,6,0.05),
('H0564',55,2400,25,0.05),
('H0565',24,500,25,0.1),
('H0565',64,3300,18,0.1),
('H0566',11,2100,35,0.15),
('H0566',18,6300,18,0.15),
('H0566',76,1800,10,0),
('H0567',31,1300,60,0.2),
('H0567',51,5300,3,0),
('H0567',59,5500,40,0.2),
('H0568',10,3100,5,0),
('H0569',31,1300,35,0.2),
('H0569',76,1800,30,0),
('H0570',11,2100,15,0.05),
('H0570',56,3800,60,0.05),
('H0571',14,2300,11,0.15),
('H0571',42,1400,28,0.15),
('H0572',16,1700,12,0.1),
('H0572',32,3200,10,0.1),
('H0572',40,1800,50,0),
('H0572',75,800,15,0.1),
('H0573',17,3900,18,0),
('H0573',34,1400,40,0),
('H0573',53,3300,25,0),
('H0574',33,300,14,0),
('H0574',40,1800,2,0),
('H0574',62,4900,10,0),
('H0574',64,3300,6,0),
('H0575',59,5500,12,0),
('H0575',63,4400,6,0),
('H0575',72,3500,30,0),
('H0575',76,1800,10,0),
('H0576',1,1800,10,0),
('H0576',31,1300,20,0),
('H0576',44,1900,21,0),
('H0577',39,1800,10,0),
('H0577',75,800,20,0),
('H0577',77,1300,18,0),
('H0578',35,1800,20,0),
('H0578',57,2000,6,0),
('H0579',15,1600,10,0),
('H0579',75,800,21,0),
('H0580',14,2300,15,0.05),
('H0580',41,1000,9,0.05),
('H0580',65,2100,30,0.05),
('H0581',75,800,50,0.2),
('H0582',57,2000,4,0),
('H0582',76,1800,14,0),
('H0583',29,12400,10,0),
('H0583',60,3400,24,0.15),
('H0583',69,3600,10,0.15),
('H0584',31,1300,50,0.05),
('H0585',47,1000,15,0),
('H0586',52,700,4,0.15),
('H0587',26,3100,6,0),
('H0587',35,1800,20,0),
('H0587',77,1300,20,0),
('H0588',18,6300,40,0.2),
('H0588',42,1400,100,0.2),
('H0589',35,1800,4,0),
('H0590',1,1800,20,0),
('H0590',77,1300,60,0.05),
('H0591',3,1000,14,0),
('H0591',7,3000,10,0),
('H0591',54,700,50,0),
('H0592',15,1600,25,0.05),
('H0592',26,3100,5,0.05),
('H0593',20,8100,21,0.2),
('H0593',69,3600,20,0.2),
('H0593',76,1800,4,0.2),
('H0594',52,700,24,0),
('H0594',58,1300,30,0),
('H0595',35,1800,30,0.25),
('H0595',61,2900,120,0.25),
('H0595',69,3600,65,0.25),
('H0596',56,3800,5,0.2),
('H0596',63,4400,24,0.2),
('H0596',75,800,30,0.2),
('H0597',24,500,35,0.2),
('H0597',57,2000,20,0),
('H0597',65,2100,12,0.2),
('H0598',27,4400,50,0),
('H0598',71,2200,9,0),
('H0599',62,4900,10,0),
('H0600',54,700,4,0),
('H0600',73,1500,30,0),
('H0601',13,600,60,0),
('H0601',59,5500,35,0),
('H0602',77,1300,5,0.25),
('H0603',22,2100,48,0),
('H0603',49,2000,25,0.05),
('H0604',48,1300,6,0.1),
('H0604',76,1800,10,0.1),
('H0605',16,1700,30,0.05),
('H0605',59,5500,20,0.05),
('H0605',60,3400,70,0.05),
('H0605',71,2200,15,0.05),
('H0606',4,2200,20,0.2),
('H0606',55,2400,20,0.2),
('H0606',62,4900,10,0.2),
('H0607',7,3000,45,0),
('H0607',17,3900,100,0),
('H0607',33,300,14,0),
('H0607',40,1800,42,0),
('H0607',72,3500,12,0),
('H0608',56,3800,28,0),
('H0609',1,1800,3,0),
('H0609',10,3100,10,0),
('H0609',21,1000,6,0),
('H0610',36,1900,21,0.25),
('H0611',1,1800,6,0),
('H0611',2,1900,10,0),
('H0611',60,3400,15,0),
('H0612',10,3100,70,0),
('H0612',36,1900,55,0),
('H0612',49,2000,18,0),
('H0612',60,3400,40,0),
('H0612',76,1800,80,0),
('H0613',13,600,8,0.1),
('H0613',75,800,40,0),
('H0614',11,2100,14,0),
('H0614',21,1000,8,0),
('H0614',39,1800,5,0),
('H0615',55,2400,5,0),
('H0616',38,26400,15,0.05),
('H0616',56,3800,14,0),
('H0616',70,1500,15,0.05),
('H0616',71,2200,15,0.05),
('H0617',59,5500,30,0.15),
('H0618',6,2500,70,0),
('H0618',56,3800,20,0),
('H0618',68,1300,15,0),
('H0619',21,1000,42,0),
('H0619',22,2100,40,0),
('H0620',24,500,5,0),
('H0620',52,700,5,0),
('H0621',19,900,5,0),
('H0621',23,900,10,0),
('H0621',70,1500,20,0),
('H0621',71,2200,15,0),
('H0622',2,1900,20,0),
('H0622',68,1300,18,0.2),
('H0623',14,2300,21,0),
('H0623',19,900,15,0.1),
('H0623',21,1000,25,0.1),
('H0623',24,500,3,0),
('H0623',35,1800,30,0.1),
('H0624',28,4600,10,0),
('H0624',29,12400,6,0),
('H0624',44,1900,10,0),
('H0625',14,2300,3,0),
('H0625',42,1400,5,0),
('H0625',60,3400,10,0),
('H0626',53,3300,12,0),
('H0626',60,3400,20,0),
('H0626',71,2200,20,0),
('H0627',62,4900,15,0),
('H0627',73,1500,35,0.15),
('H0628',1,1800,25,0),
('H0629',29,12400,20,0),
('H0629',64,3300,9,0),
('H0630',55,2400,12,0.05),
('H0630',76,1800,35,0),
('H0631',75,800,8,0.1),
('H0632',2,1900,30,0.05),
('H0632',33,300,20,0.05),
('H0633',12,3800,36,0.15),
('H0633',13,600,13,0.15),
('H0633',26,3100,35,0.15),
('H0633',62,4900,80,0.15),
('H0634',7,3000,35,0),
('H0634',18,6300,50,0),
('H0634',51,5300,15,0),
('H0634',75,800,2,0),
('H0635',4,2200,10,0.1),
('H0635',5,2100,15,0.1),
('H0635',22,2100,40,0),
('H0636',4,2200,25,0),
('H0636',58,1300,6,0),
('H0637',11,2100,10,0),
('H0637',50,1600,25,0.05),
('H0637',56,3800,60,0.05),
('H0638',45,1000,20,0),
('H0638',65,2100,21,0),
('H0638',72,3500,60,0),
('H0639',18,6300,8,0),
('H0640',69,3600,20,0.25),
('H0640',70,1500,15,0.25),
('H0641',2,1900,50,0),
('H0641',40,1800,60,0),
('H0642',21,1000,30,0.2),
('H0642',61,2900,20,0.2),
('H0643',28,4600,15,0.25),
('H0643',39,1800,21,0.25),
('H0643',46,1200,2,0.25),
('H0644',18,6300,4,0.1),
('H0644',43,4600,20,0),
('H0644',46,1200,21,0.1),
('H0645',18,6300,20,0),
('H0645',36,1900,15,0),
('H0646',1,1800,15,0.25),
('H0646',10,3100,18,0.25),
('H0646',71,2200,30,0.25),
('H0646',77,1300,35,0.25),
('H0647',19,900,30,0),
('H0647',39,1800,20,0),
('H0648',22,2100,15,0),
('H0648',24,500,15,0.15),
('H0649',28,4600,20,0),
('H0649',72,3500,15,0),
('H0650',30,2600,30,0),
('H0650',53,3300,25,0.05),
('H0650',54,700,30,0),
('H0651',19,900,12,0.25),
('H0651',22,2100,20,0.25),
('H0652',30,2600,2,0.25),
('H0652',42,1400,20,0),
('H0653',16,1700,30,0.1),
('H0653',60,3400,20,0.1),
('H0654',4,2200,12,0.1),
('H0654',39,1800,20,0.1),
('H0654',54,700,6,0.1),
('H0655',41,1000,20,0.2),
('H0656',14,2300,3,0.1),
('H0656',44,1900,28,0.1),
('H0656',47,1000,6,0.1),
('H0657',15,1600,50,0),
('H0657',41,1000,24,0),
('H0657',46,1200,45,0),
('H0657',47,1000,10,0),
('H0657',56,3800,45,0),
('H0657',60,3400,30,0),
('H0658',21,1000,60,0),
('H0658',40,1800,70,0.05),
('H0658',60,3400,55,0.05),
('H0658',77,1300,70,0.05),
('H0659',31,1300,20,0.05),
('H0659',40,1800,24,0.05),
('H0659',70,1500,40,0.05),
('H0660',20,8100,21,0),
('H0661',39,1800,3,0.2),
('H0661',58,1300,49,0.2),
('H0662',68,1300,10,0),
('H0663',40,1800,30,0.05),
('H0663',42,1400,30,0.05),
('H0663',51,5300,20,0.05),
('H0664',10,3100,24,0.15),
('H0664',56,3800,12,0.15),
('H0664',65,2100,15,0.15),
('H0665',51,5300,20,0),
('H0665',59,5500,1,0),
('H0665',76,1800,10,0),
('H0666',29,12400,36,0),
('H0666',65,2100,10,0),
('H0667',69,3600,45,0.2),
('H0667',71,2200,14,0.2),
('H0668',31,1300,8,0.1),
('H0668',55,2400,4,0.1),
('H0668',64,3300,15,0.1),
('H0669',36,1900,30,0),
('H0670',23,900,32,0),
('H0670',46,1200,60,0),
('H0670',67,1400,25,0),
('H0670',73,1500,50,0),
('H0670',75,800,25,0),
('H0671',16,1700,10,0),
('H0671',62,4900,10,0),
('H0671',65,2100,12,0),
('H0672',38,26400,15,0.1),
('H0672',71,2200,12,0),
('H0673',16,1700,3,0),
('H0673',42,1400,6,0),
('H0673',43,4600,6,0),
('H0674',23,900,5,0),
('H0675',14,2300,30,0),
('H0675',53,3300,10,0),
('H0675',58,1300,30,0),
('H0676',10,3100,2,0),
('H0676',19,900,7,0),
('H0676',44,1900,21,0),
('H0677',26,3100,30,0.15),
('H0677',33,300,8,0.15),
('H0678',12,3800,100,0),
('H0678',33,300,30,0),
('H0678',41,1000,120,0),
('H0678',54,700,30,0),
('H0679',59,5500,12,0),
('H0680',16,1700,50,0.25),
('H0680',31,1300,20,0.25),
('H0680',42,1400,40,0.25),
('H0681',19,900,30,0.1),
('H0681',21,1000,12,0.1),
('H0681',64,3300,28,0),
('H0682',33,300,30,0),
('H0682',66,1700,4,0),
('H0682',75,800,30,0),
('H0683',52,700,9,0),
('H0684',40,1800,20,0),
('H0684',47,1000,40,0),
('H0684',60,3400,30,0),
('H0685',10,3100,20,0),
('H0685',41,1000,4,0),
('H0685',47,1000,15,0),
('H0686',17,3900,30,0.2),
('H0686',26,3100,15,0),
('H0687',9,9700,50,0.25),
('H0687',29,12400,10,0),
('H0687',36,1900,6,0.25),
('H0688',10,3100,18,0.1),
('H0688',28,4600,60,0.1),
('H0688',34,1400,14,0),
('H0689',1,1800,35,0.25),
('H0690',56,3800,20,0.25),
('H0690',77,1300,30,0.25),
('H0691',1,1800,30,0),
('H0691',29,12400,40,0),
('H0691',43,4600,40,0),
('H0691',44,1900,24,0),
('H0691',62,4900,48,0),
('H0692',21,1000,20,0),
('H0693',9,9700,6,0),
('H0693',54,700,60,0.15),
('H0693',69,3600,30,0.15),
('H0693',73,1500,15,0.15),
('H0694',7,3000,90,0),
('H0694',59,5500,25,0),
('H0694',70,1500,50,0),
('H0695',8,4000,10,0),
('H0695',12,3800,4,0),
('H0695',24,500,20,0),
('H0696',17,3900,20,0),
('H0696',46,1200,18,0),
('H0697',19,900,7,0.25),
('H0697',35,1800,9,0.25),
('H0697',58,1300,30,0.25),
('H0697',70,1500,30,0.25),
('H0698',11,2100,15,0),
('H0698',17,3900,8,0.05),
('H0698',29,12400,12,0.05),
('H0698',65,2100,65,0.05),
('H0698',70,1500,8,0.05),
('H0699',47,1000,12,0),
('H0700',1,1800,5,0.2),
('H0700',34,1400,12,0.2),
('H0700',68,1300,40,0.2),
('H0700',71,2200,60,0.2),
('H0701',59,5500,42,0.15),
('H0701',71,2200,20,0.15),
('H0701',76,1800,35,0.15),
('H0702',38,26400,6,0),
('H0702',76,1600,15,0),
('H0703',2,1900,5,0),
('H0703',59,5500,35,0),
('H0703',73,1500,35,0),
('H0704',4,2200,6,0),
('H0704',24,500,35,0),
('H0704',48,1300,24,0),
('H0705',31,1300,20,0),
('H0705',32,3200,4,0),
('H0706',16,1700,20,0),
('H0706',43,4600,24,0),
('H0706',59,5500,8,0),
('H0707',55,2400,21,0),
('H0707',57,2000,40,0),
('H0707',70,1500,28,0.15),
('H0708',5,2100,4,0),
('H0708',36,1900,5,0),
('H0709',8,4000,40,0),
('H0709',51,5300,28,0),
('H0709',60,3400,10,0),
('H0710',19,900,5,0),
('H0710',47,1000,5,0),
('H0711',19,900,12,0),
('H0711',41,1000,42,0),
('H0711',53,3300,120,0),
('H0712',53,3300,3,0.05),
('H0712',56,3800,30,0),
('H0713',10,3100,18,0),
('H0713',26,3100,30,0),
('H0713',45,1000,110,0),
('H0713',46,1200,24,0),
('H0714',2,1900,30,0.25),
('H0714',17,3900,27,0.25),
('H0714',47,1000,50,0.25),
('H0714',56,3800,18,0.25),
('H0714',58,1300,12,0.25),
('H0715',10,3100,21,0),
('H0715',71,2200,30,0),
('H0716',21,1000,5,0),
('H0716',51,5300,7,0),
('H0716',61,2900,10,0),
('H0717',21,1000,32,0.05),
('H0717',54,700,15,0),
('H0717',69,3600,25,0.05),
('H0718',12,3800,36,0),
('H0718',16,1700,20,0),
('H0718',36,1900,40,0),
('H0718',62,4900,20,0),
('H0719',18,6300,12,0.25),
('H0719',30,2600,3,0.25),
('H0719',54,700,40,0.25),
('H0720',35,1800,21,0),
('H0720',71,2200,8,0),
('H0721',44,1900,50,0.05),
('H0722',2,1900,3,0),
('H0722',31,1300,50,0),
('H0722',68,1300,45,0),
('H0722',75,800,42,0),
('H0723',26,3100,15,0),
('H0724',10,3100,16,0),
('H0724',61,2900,5,0),
('H0725',41,1000,12,0),
('H0725',52,700,4,0),
('H0725',55,2400,6,0),
('H0726',4,2200,25,0),
('H0726',11,2100,5,0),
('H0727',17,3900,20,0.05),
('H0727',56,3800,10,0.05),
('H0727',59,5500,10,0.05),
('H0728',30,2600,15,0),
('H0728',40,1800,6,0),
('H0728',55,2400,12,0),
('H0728',60,3400,15,0),
('H0729',1,1800,50,0),
('H0729',21,1000,30,0),
('H0729',50,1600,40,0),
('H0730',16,1700,15,0.05),
('H0730',31,1300,3,0.05),
('H0730',65,2100,10,0.05),
('H0731',21,1000,40,0.05),
('H0731',51,5300,30,0.05),
('H0732',76,1800,20,0),
('H0733',14,2300,16,0),
('H0733',28,4600,20,0),
('H0733',52,700,25,0),
('H0734',6,2500,30,0),
('H0734',30,2600,15,0),
('H0734',76,1800,20,0),
('H0735',61,2900,20,0.1),
('H0735',77,1300,2,0.1),
('H0736',65,2100,40,0),
('H0736',75,800,20,0),
('H0737',13,600,4,0),
('H0737',41,1000,12,0),
('H0738',16,1700,3,0),
('H0739',36,1900,6,0),
('H0739',52,700,18,0),
('H0740',28,4600,5,0.2),
('H0740',35,1800,35,0.2),
('H0740',45,1000,40,0.2),
('H0740',56,3800,14,0.2),
('H0741',2,1900,15,0.2),
('H0742',3,1000,20,0),
('H0742',60,3400,50,0),
('H0742',72,3500,35,0),
('H0743',46,1200,28,0.05),
('H0744',40,1800,50,0.2),
('H0745',18,6300,24,0),
('H0745',44,1900,16,0),
('H0745',59,5500,45,0),
('H0745',72,3500,7,0),
('H0746',13,600,6,0),
('H0746',42,1400,28,0),
('H0746',62,4900,9,0),
('H0746',69,3600,40,0),
('H0747',31,1300,8,0),
('H0747',41,1000,35,0),
('H0747',63,4400,9,0),
('H0747',69,3600,30,0),
('H0748',23,900,44,0),
('H0748',40,1800,40,0),
('H0748',56,3800,28,0),
('H0749',56,3800,15,0),
('H0749',59,5500,6,0),
('H0749',76,1800,10,0),
('H0750',14,2300,5,0.15),
('H0750',45,1000,40,0.15),
('H0750',59,5500,25,0.15),
('H0751',26,3100,12,0.1),
('H0751',30,2600,30,0),
('H0751',50,1600,20,0.1),
('H0751',73,1500,15,0),
('H0752',1,1800,8,0),
('H0752',69,3600,3,0),
('H0753',45,1000,4,0),
('H0753',74,1000,5,0),
('H0754',40,1800,3,0),
('H0755',47,1000,30,0.25),
('H0755',56,3800,30,0.25),
('H0755',57,2000,14,0.25),
('H0755',69,3600,25,0.25),
('H0756',18,6300,21,0.2),
('H0756',36,1900,20,0.2),
('H0756',68,1300,6,0.2),
('H0756',69,3600,20,0.2),
('H0757',34,1400,30,0),
('H0757',59,5500,7,0),
('H0757',62,4900,30,0),
('H0757',64,3300,24,0),
('H0758',26,3100,20,0),
('H0758',52,700,60,0),
('H0758',70,1500,40,0),
('H0759',32,3200,10,0),
('H0760',25,1400,12,0.25),
('H0760',27,4400,40,0),
('H0760',43,4600,30,0.25),
('H0761',25,1400,35,0.25),
('H0761',75,800,18,0),
('H0762',39,1800,16,0),
('H0762',47,1000,30,0),
('H0762',51,5300,28,0),
('H0762',56,3800,60,0),
('H0763',21,1000,40,0),
('H0763',22,2100,6,0),
('H0763',24,500,20,0),
('H0764',3,1000,20,0.1),
('H0764',39,1800,130,0.1),
('H0765',65,2100,80,0.1),
('H0766',2,1900,40,0),
('H0766',7,3000,35,0),
('H0766',68,1300,40,0),
('H0767',42,1400,2,0),
('H0768',22,2100,4,0),
('H0768',31,1300,50,0),
('H0768',60,3400,15,0),
('H0768',71,2200,12,0),
('H0769',41,1000,30,0.05),
('H0769',52,700,15,0.05),
('H0769',61,2900,20,0),
('H0769',62,4900,15,0),
('H0770',11,2100,15,0.25),
('H0771',71,2200,16,0),
('H0772',29,12400,18,0),
('H0772',59,5500,25,0),
('H0773',17,3900,33,0),
('H0773',31,1300,70,0.2),
('H0773',75,800,7,0.2),
('H0774',31,1300,2,0.25),
('H0774',66,1700,50,0),
('H0775',10,3100,6,0),
('H0775',67,1400,3,0),
('H0776',31,1300,16,0.05),
('H0776',42,1400,12,0.05),
('H0776',45,1000,27,0.05),
('H0776',51,5300,120,0.05),
('H0777',42,1400,20,0.2),
('H0778',41,1000,10,0),
('H0779',16,1700,20,0),
('H0779',62,4900,20,0),
('H0780',70,1500,35,0),
('H0780',77,1300,15,0),
('H0781',54,700,3,0.2),
('H0781',56,3800,20,0.2),
('H0781',74,1000,35,0),
('H0782',31,1300,1,0),
('H0783',31,1300,10,0),
('H0783',38,26400,5,0),
('H0784',36,1900,30,0),
('H0784',39,1800,2,0.15),
('H0784',72,3500,30,0.15),
('H0785',10,3100,10,0),
('H0785',75,800,10,0),
('H0786',8,4000,30,0.2),
('H0786',30,2600,15,0.2),
('H0786',75,800,42,0.2),
('H0787',2,1900,15,0.05),
('H0787',29,12400,20,0.05),
('H0788',19,900,50,0.05),
('H0788',75,800,40,0.05),
('H0789',18,6300,30,0),
('H0789',35,1800,15,0),
('H0789',63,4400,30,0),
('H0789',68,1300,18,0),
('H0790',7,3000,3,0.15),
('H0790',56,3800,20,0.15),
('H0791',29,12400,14,0.05),
('H0791',41,1000,20,0.05),
('H0792',2,1900,10,0),
('H0792',54,700,3,0),
('H0792',68,1300,15,0),
('H0793',41,1000,14,0),
('H0793',52,700,8,0),
('H0794',14,2300,15,0.2),
('H0794',54,700,6,0.2),
('H0795',16,1700,65,0),
('H0795',17,3900,35,0.25),
('H0796',26,3100,21,0.2),
('H0796',44,1900,10,0),
('H0796',64,3300,35,0.2),
('H0796',69,3600,24,0.2),
('H0797',11,2100,20,0),
('H0798',62,4900,2,0),
('H0798',72,3500,10,0),
('H0799',13,600,20,0.15),
('H0799',24,500,20,0.15),
('H0799',59,5500,25,0),
('H0800',11,2100,50,0.1),
('H0800',51,5300,10,0.1),
('H0800',54,700,7,0.1),
('H0801',17,3900,40,0.25),
('H0801',29,12400,20,0.25),
('H0802',30,2600,25,0.25),
('H0802',51,5300,30,0.25),
('H0802',55,2400,60,0.25),
('H0802',62,4900,5,0.25),
('H0803',19,900,24,0.05),
('H0803',25,1400,15,0.05),
('H0803',59,5500,15,0.05),
('H0804',10,3100,36,0),
('H0804',28,4600,24,0),
('H0804',49,2000,4,0.15),
('H0805',34,1400,10,0),
('H0805',38,26400,10,0),
('H0806',2,1900,20,0.25),
('H0806',65,2100,2,0),
('H0806',74,1000,15,0.25),
('H0807',40,1800,1,0),
('H0808',56,3800,20,0.15),
('H0808',76,1800,50,0.15),
('H0809',52,700,20,0),
('H0810',13,600,7,0),
('H0810',25,1400,5,0),
('H0810',70,1500,5,0),
('H0811',19,900,15,0),
('H0811',23,900,18,0),
('H0811',40,1800,30,0),
('H0812',31,1300,16,0.1),
('H0812',72,3500,40,0.1),
('H0812',77,1300,20,0),
('H0813',2,1900,12,0.2),
('H0813',46,1200,35,0),
('H0814',41,1000,20,0),
('H0814',43,4600,20,0.15),
('H0814',48,1300,8,0.15),
('H0814',61,2900,30,0.15),
('H0815',33,300,16,0),
('H0816',38,26400,30,0.05),
('H0816',62,4900,20,0.05),
('H0817',26,3100,40,0.15),
('H0817',38,26400,30,0),
('H0817',40,1800,60,0.15),
('H0817',62,4900,25,0.15),
('H0818',32,3200,20,0),
('H0818',41,1000,20,0),
('H0819',43,4600,7,0),
('H0819',75,800,20,0),
('H0820',56,3800,30,0),
('H0821',35,1800,20,0),
('H0821',51,5300,6,0),
('H0822',62,4900,3,0),
('H0822',70,1500,6,0),
('H0823',11,2100,20,0.1),
('H0823',57,2000,15,0),
('H0823',59,5500,40,0.1),
('H0823',77,1300,15,0.1),
('H0824',41,1000,12,0),
('H0824',70,1500,9,0),
('H0825',26,3100,12,0),
('H0825',53,3300,20,0),
('H0826',31,1300,35,0),
('H0826',57,2000,15,0),
('H0827',10,3100,15,0),
('H0827',39,1800,21,0),
('H0828',20,8100,5,0),
('H0828',38,26400,2,0),
('H0829',2,1900,10,0),
('H0829',8,4000,20,0),
('H0829',13,600,10,0),
('H0829',60,3400,21,0),
('H0830',6,2500,6,0),
('H0830',39,1800,28,0),
('H0830',60,3400,30,0),
('H0830',68,1300,24,0),
('H0831',19,900,2,0),
('H0831',35,1800,8,0),
('H0831',38,26400,8,0),
('H0831',43,4600,9,0),
('H0832',13,600,3,0.2),
('H0832',25,1400,10,0.2),
('H0832',44,1900,16,0.2),
('H0832',64,3300,3,0),
('H0833',7,3000,20,0.1),
('H0833',31,1300,9,0.1),
('H0833',53,3300,9,0.1),
('H0834',29,12400,8,0.05),
('H0834',30,2600,20,0.05),
('H0835',59,5500,15,0),
('H0835',77,1300,2,0.2),
('H0836',22,2100,52,0),
('H0836',35,1800,6,0),
('H0836',57,2000,24,0),
('H0836',60,3400,60,0),
('H0836',64,3300,30,0),
('H0837',13,600,6,0),
('H0837',40,1800,25,0),
('H0837',47,1000,40,0.25),
('H0837',76,1800,21,0.25),
('H0838',1,1800,4,0.25),
('H0838',18,6300,25,0.25),
('H0838',36,1900,50,0.25),
('H0839',58,1300,30,0.1),
('H0839',72,3500,15,0.1),
('H0840',25,1400,6,0.2),
('H0840',39,1800,10,0.2),
('H0841',10,3100,16,0),
('H0841',56,3800,30,0),
('H0841',59,5500,50,0),
('H0841',77,1300,15,0),
('H0842',11,2100,15,0),
('H0842',43,4600,5,0),
('H0842',68,1300,20,0),
('H0842',70,1500,12,0),
('H0843',51,5300,4,0.25),
('H0844',22,2100,35,0),
('H0845',23,900,70,0.1),
('H0845',35,1800,25,0.1),
('H0845',42,1400,42,0.1),
('H0845',58,1300,60,0.1),
('H0845',64,3300,48,0),
('H0846',4,2200,21,0),
('H0846',70,1500,30,0),
('H0846',74,1000,20,0),
('H0847',1,1800,80,0.2),
('H0847',19,900,12,0.2),
('H0847',37,2600,60,0.2),
('H0847',45,1000,36,0.2),
('H0847',60,3400,45,0.2),
('H0847',71,2200,55,0.2),
('H0848',5,2100,30,0),
('H0848',9,9700,3,0),
('H0849',3,1000,49,0),
('H0849',26,3100,18,0.15),
('H0850',25,1400,20,0.15),
('H0850',33,300,4,0.15),
('H0850',70,1500,30,0.15),
('H0851',2,1900,5,0.05),
('H0851',25,1400,10,0.05),
('H0851',57,2000,10,0.05),
('H0851',59,5500,42,0.05),
('H0852',2,1900,15,0),
('H0852',17,3900,6,0),
('H0852',62,4900,50,0),
('H0853',18,6300,10,0),
('H0854',10,3100,100,0.15),
('H0854',13,600,65,0.15),
('H0855',16,1700,50,0),
('H0855',31,1300,14,0),
('H0855',56,3800,24,0),
('H0855',65,2100,15,0.15),
('H0856',2,1900,20,0),
('H0856',42,1400,20,0),
('H0857',3,1000,30,0),
('H0857',26,3100,35,0.25),
('H0857',29,12400,10,0.25),
('H0858',7,3000,5,0),
('H0858',27,4400,10,0),
('H0858',70,1500,4,0),
('H0859',24,500,40,0.25),
('H0859',54,700,35,0.25),
('H0859',64,3300,30,0.25),
('H0860',51,5300,3,0),
('H0860',76,1800,20,0),
('H0861',17,3900,42,0),
('H0861',18,6300,20,0),
('H0861',21,1000,40,0),
('H0861',33,300,35,0),
('H0861',62,4900,3,0),
('H0862',11,2100,25,0),
('H0862',52,700,8,0),
('H0863',1,1800,20,0.15),
('H0863',58,1300,12,0.15),
('H0864',35,1800,4,0),
('H0864',67,1400,15,0),
('H0865',38,26400,60,0.05),
('H0865',39,1800,80,0.05),
('H0866',2,1900,21,0.25),
('H0866',24,500,6,0.25),
('H0866',30,2600,40,0.25),
('H0867',53,3300,3,0),
('H0868',26,3100,20,0),
('H0868',35,1800,30,0),
('H0868',49,2000,42,0.1),
('H0869',1,1800,40,0),
('H0869',11,2100,10,0),
('H0869',23,900,50,0),
('H0869',68,1300,20,0),
('H0870',35,1800,3,0),
('H0870',51,5300,2,0),
('H0871',6,2500,50,0.05),
('H0871',16,1700,12,0.05),
('H0871',17,3900,16,0.05),
('H0872',55,2400,10,0.05),
('H0872',62,4900,20,0.05),
('H0872',64,3300,15,0.05),
('H0872',65,2100,21,0.05),
('H0873',21,1000,20,0),
('H0873',28,4600,3,0),
('H0874',10,3100,10,0),
('H0875',19,900,25,0),
('H0875',47,1000,21,0.1),
('H0875',49,2000,15,0),
('H0876',46,1200,21,0),
('H0876',64,3300,20,0),
('H0877',16,1700,30,0.25),
('H0877',18,6300,25,0),
('H0878',20,8100,20,0.05),
('H0879',40,1800,12,0),
('H0879',65,2100,10,0),
('H0879',76,1800,10,0),
('H0880',23,900,30,0.2),
('H0880',61,2900,30,0.2),
('H0880',70,1500,50,0.2),
('H0881',73,1500,10,0),
('H0882',42,1400,25,0),
('H0882',49,2000,20,0.15),
('H0882',54,700,32,0.15),
('H0883',24,500,8,0),
('H0884',21,1000,40,0.05),
('H0884',56,3800,21,0.05),
('H0884',65,2100,12,0.05),
('H0885',2,1900,20,0),
('H0885',24,500,12,0),
('H0885',70,1500,30,0),
('H0885',77,1300,25,0),
('H0886',10,3100,70,0),
('H0886',31,1300,35,0),
('H0886',77,1300,40,0),
('H0887',25,1400,5,0),
('H0888',2,1900,20,0),
('H0888',68,1300,18,0),
('H0889',11,2100,40,0),
('H0889',38,26400,40,0),
('H0890',17,3900,15,0),
('H0890',34,1400,10,0),
('H0890',41,1000,14,0),
('H0891',30,2600,15,0.05),
('H0892',59,5500,40,0.05),
('H0893',8,4000,30,0),
('H0893',24,500,10,0),
('H0893',29,12400,24,0),
('H0893',30,2600,35,0),
('H0893',36,1900,20,0),
('H0894',13,600,28,0.05),
('H0894',69,3600,50,0.05),
('H0894',75,800,120,0.05),
('H0895',24,500,110,0),
('H0895',39,1800,45,0),
('H0895',40,1800,91,0),
('H0895',60,3400,100,0),
('H0896',45,1000,15,0),
('H0896',56,3800,16,0),
('H0897',29,12400,80,0),
('H0897',30,2600,36,0),
('H0898',13,600,5,0),
('H0899',39,1800,8,0.15),
('H0900',70,1500,3,0.25),
('H0901',41,1000,30,0),
('H0901',71,2200,30,0),
('H0902',55,2400,30,0.15),
('H0902',62,4900,6,0.15),
('H0903',13,600,40,0),
('H0903',65,2100,21,0),
('H0903',68,1300,20,0),
('H0904',58,1300,15,0),
('H0904',62,4900,35,0),
('H0905',1,1800,20,0.05),
('H0906',61,2900,15,0),
('H0907',75,800,14,0),
('H0908',7,3000,20,0.05),
('H0908',52,700,14,0.05),
('H0909',7,3000,12,0),
('H0909',16,1700,15,0),
('H0909',41,1000,5,0),
('H0910',19,900,12,0),
('H0910',49,2000,10,0),
('H0910',61,2900,5,0),
('H0911',1,1800,10,0),
('H0911',17,3900,12,0),
('H0911',67,1400,15,0),
('H0912',11,2100,40,0.25),
('H0912',29,12400,60,0.25),
('H0913',4,2200,30,0.25),
('H0913',33,300,40,0.25),
('H0913',58,1300,15,0),
('H0914',71,2200,25,0),
('H0915',17,3900,10,0),
('H0915',33,300,30,0),
('H0915',54,700,10,0),
('H0916',16,1700,6,0),
('H0916',32,3200,6,0),
('H0916',57,2000,20,0),
('H0917',30,2600,1,0),
('H0917',60,3400,10,0),
('H0918',1,1800,60,0.25),
('H0918',60,3400,25,0.25),
('H0919',16,1700,24,0),
('H0919',25,1400,24,0),
('H0919',40,1800,20,0),
('H0920',50,1600,24,0),
('H0921',35,1800,10,0),
('H0921',63,4400,40,0),
('H0922',17,3900,15,0),
('H0922',24,500,35,0),
('H0923',42,1400,10,0.2),
('H0923',43,4600,10,0.2),
('H0923',67,1400,24,0.2),
('H0924',10,3100,20,0.1),
('H0924',28,4600,30,0.1),
('H0924',75,800,6,0),
('H0925',36,1900,25,0.15),
('H0925',52,700,12,0.15),
('H0926',11,2100,2,0),
('H0926',13,600,10,0),
('H0926',19,900,7,0),
('H0926',72,3500,10,0),
('H0927',20,8100,5,0),
('H0927',52,700,5,0),
('H0927',76,1800,20,0),
('H0928',47,1000,5,0),
('H0928',76,1800,5,0),
('H0929',21,1000,60,0),
('H0929',75,800,49,0),
('H0929',77,1300,15,0),
('H0930',21,1000,36,0),
('H0930',27,4400,25,0),
('H0930',55,2400,25,0.2),
('H0930',58,1300,30,0.2),
('H0931',13,600,42,0.15),
('H0931',57,2000,30,0),
('H0932',16,1700,30,0.1),
('H0932',62,4900,14,0.1),
('H0932',72,3500,16,0),
('H0932',75,800,20,0.1),
('H0933',53,3300,2,0),
('H0933',61,2900,30,0),
('H0934',6,2500,20,0),
('H0935',1,1800,21,0),
('H0935',18,6300,4,0.25),
('H0935',23,900,8,0.25),
('H0936',36,1900,30,0.2),
('H0937',28,4600,8,0),
('H0937',34,1400,20,0),
('H0938',13,600,20,0.25),
('H0938',43,4600,24,0.25),
('H0938',60,3400,49,0.25),
('H0938',71,2200,35,0.25),
('H0939',2,1900,10,0.15),
('H0939',67,1400,40,0.15),
('H0940',7,3000,8,0),
('H0940',13,600,20,0),
('H0941',31,1300,44,0.25),
('H0941',62,4900,30,0.25),
('H0941',68,1300,80,0.25),
('H0941',72,3500,50,0),
('H0942',49,2000,28,0),
('H0943',13,600,15,0),
('H0943',22,2100,21,0),
('H0943',46,1200,15,0),
('H0944',11,2100,5,0.25),
('H0944',44,1900,18,0.25),
('H0944',56,3800,18,0),
('H0945',13,600,20,0),
('H0945',31,1300,10,0),
('H0946',10,3100,25,0),
('H0946',24,500,25,0),
('H0946',77,1300,40,0),
('H0947',59,5500,4,0),
('H0948',50,1600,9,0),
('H0948',51,5300,40,0),
('H0948',55,2400,4,0),
('H0949',6,2500,12,0),
('H0949',10,3100,30,0),
('H0949',17,3900,6,0),
('H0949',62,4900,60,0),
('H0950',4,2200,5,0),
('H0951',33,300,15,0.05),
('H0951',41,1000,6,0.05),
('H0951',75,800,50,0.05),
('H0952',6,2500,16,0.05),
('H0952',28,4600,2,0),
('H0953',20,8100,50,0.05),
('H0953',31,1300,50,0.05),
('H0954',16,1700,28,0.15),
('H0954',31,1300,25,0.15),
('H0954',45,1000,30,0),
('H0954',60,3400,24,0.15),
('H0955',75,800,12,0.2),
('H0956',21,1000,12,0),
('H0956',47,1000,14,0),
('H0956',51,5300,8,0),
('H0957',30,2600,30,0),
('H0957',35,1800,40,0),
('H0957',64,3300,8,0),
('H0958',5,2100,20,0),
('H0958',7,3000,6,0),
('H0958',72,3500,5,0),
('H0959',75,800,20,0.15),
('H0960',24,500,10,0.25),
('H0960',41,1000,24,0),
('H0961',52,700,6,0.05),
('H0961',76,1800,60,0),
('H0962',7,3000,45,0),
('H0962',13,600,77,0),
('H0962',53,3300,20,0),
('H0962',69,3600,9,0),
('H0962',76,1800,44,0),
('H0963',60,3400,2,0.15),
('H0964',18,6300,6,0),
('H0964',38,26400,5,0),
('H0964',69,3600,10,0),
('H0965',51,5300,16,0),
('H0966',37,2600,8,0),
('H0966',56,3800,12,0.15),
('H0966',62,4900,12,0.15),
('H0967',19,900,12,0),
('H0967',49,2000,40,0),
('H0968',12,3800,30,0),
('H0968',24,500,30,0),
('H0968',64,3300,4,0),
('H0969',46,1200,9,0),
('H0970',52,700,40,0.2),
('H0971',29,12400,14,0),
('H0972',17,3900,6,0),
('H0972',33,300,7,0),
('H0973',26,3100,5,0),
('H0973',41,1000,6,0),
('H0973',75,800,10,0),
('H0974',63,4400,10,0),
('H0975',8,4000,16,0),
('H0975',75,800,10,0),
('H0976',28,4600,20,0),
('H0977',39,1800,30,0),
('H0977',47,1000,30,0),
('H0977',51,5300,10,0),
('H0977',63,4400,20,0),
('H0978',8,4000,20,0.15),
('H0978',21,1000,40,0.15),
('H0978',40,1800,10,0),
('H0978',44,1900,6,0.15),
('H0979',7,3000,18,0),
('H0979',12,3800,20,0),
('H0979',24,500,80,0),
('H0979',27,4400,30,0),
('H0979',31,1300,24,0),
('H0979',63,4400,35,0),
('H0980',75,800,40,0.2),
('H0981',38,26400,60,0),
('H0982',7,3000,20,0),
('H0982',43,4600,9,0),
('H0983',13,600,84,0.15),
('H0983',57,2000,15,0),
('H0984',16,1700,55,0),
('H0984',24,500,20,0),
('H0984',36,1900,40,0),
('H0985',16,1700,36,0.1),
('H0985',18,6300,8,0.1),
('H0985',32,3200,35,0.1),
('H0986',11,2100,30,0),
('H0986',20,8100,15,0),
('H0986',76,1800,10,0),
('H0986',77,1300,15,0),
('H0987',7,3000,60,0),
('H0987',43,4600,6,0),
('H0987',72,3500,20,0),
('H0988',7,3000,60,0),
('H0988',62,4900,40,0.1),
('H0989',6,2500,40,0),
('H0989',11,2100,15,0),
('H0989',41,1000,4,0),
('H0990',21,1000,65,0),
('H0990',34,1400,60,0.15),
('H0990',55,2400,65,0.15),
('H0990',61,2900,66,0.15),
('H0991',2,1900,50,0.2),
('H0991',70,1500,20,0.2),
('H0991',76,1800,90,0.2),
('H0992',72,3500,2,0),
('H0993',29,12400,50,0.25),
('H0993',41,1000,35,0.25),
('H0994',59,5500,18,0.05),
('H0995',51,5300,20,0),
('H0995',60,3400,4,0),
('H0996',42,1400,40,0),
('H0997',32,3200,50,0),
('H0997',46,1200,20,0.25),
('H0997',52,700,20,0.25),
('H0998',24,500,12,0),
('H0998',61,2900,7,0),
('H0998',74,1000,20,0),
('H0998',75,800,30,0),
('H0999',41,1000,20,0.05),
('H0999',51,5300,15,0.05),
('H0999',77,1300,21,0.05),
('H1000',4,2200,25,0.25),
('H1000',24,500,30,0.25),
('H1000',77,1300,30,0),
('H1001',7,3000,60,0),
('H1001',22,2100,25,0),
('H1001',46,1200,25,0),
('H1001',55,2400,6,0),
('H1002',13,600,56,0),
('H1002',35,1800,15,0.15),
('H1002',42,1400,24,0.15),
('H1002',55,2400,40,0),
('H1003',1,1800,4,0),
('H1003',40,1800,10,0),
('H1003',52,700,10,0),
('H1004',26,3100,6,0),
('H1004',76,1800,6,0),
('H1005',1,1800,2,0),
('H1005',59,5500,10,0),
('H1006',1,1800,8,0),
('H1006',29,12400,2,0.25),
('H1007',8,4000,30,0),
('H1007',29,12400,10,0),
('H1007',42,1400,14,0),
('H1008',28,4600,70,0.05),
('H1008',34,1400,90,0.05),
('H1008',71,2200,21,0),
('H1009',24,500,12,0),
('H1009',36,1900,18,0.25),
('H1009',60,3400,9,0),
('H1010',7,3000,20,0),
('H1010',24,500,10,0),
('H1011',58,1300,40,0.05),
('H1011',71,2200,20,0),
('H1012',19,900,50,0.05),
('H1012',60,3400,36,0.05),
('H1012',71,2200,60,0.05),
('H1013',23,900,10,0),
('H1013',42,1400,4,0),
('H1013',45,1000,20,0),
('H1013',68,1300,2,0),
('H1014',41,1000,28,0.1),
('H1015',30,2600,15,0),
('H1015',77,1300,18,0),
('H1016',31,1300,15,0),
('H1016',36,1900,16,0),
('H1017',3,1000,25,0),
('H1017',59,5500,110,0),
('H1017',70,1500,30,0),
('H1018',12,3800,20,0),
('H1018',18,6300,10,0),
('H1018',56,3800,5,0),
('H1019',46,1200,3,0),
('H1019',49,2000,2,0),
('H1020',10,3100,24,0.15),
('H1021',2,1900,11,0.25),
('H1021',20,8100,15,0),
('H1021',26,3100,63,0),
('H1021',51,5300,44,0.25),
('H1021',72,3500,35,0),
('H1022',19,900,35,0),
('H1022',69,3600,30,0),
('H1023',7,3000,4,0),
('H1023',43,4600,30,0),
('H1024',26,3100,12,0),
('H1024',33,300,30,0),
('H1024',65,2100,21,0),
('H1024',71,2200,50,0),
('H1025',1,1800,10,0.1),
('H1025',13,600,20,0.1),
('H1026',18,6300,8,0),
('H1026',51,5300,10,0),
('H1027',24,500,30,0.25),
('H1027',62,4900,21,0.25),
('H1028',55,2400,35,0),
('H1028',59,5500,24,0),
('H1029',56,3800,20,0),
('H1029',63,4400,12,0),
('H1030',2,1900,100,0.25),
('H1030',5,2100,70,0),
('H1030',29,12400,60,0.25),
('H1030',59,5500,100,0.25),
('H1031',1,1800,45,0),
('H1031',13,600,80,0),
('H1031',24,500,21,0),
('H1031',64,3300,20,0),
('H1031',71,2200,16,0),
('H1032',36,1900,35,0),
('H1032',38,26400,25,0),
('H1032',59,5500,30,0),
('H1033',53,3300,70,0.1),
('H1033',69,3600,36,0.1),
('H1034',21,1000,15,0.1),
('H1034',44,1900,12,0),
('H1034',61,2900,6,0),
('H1035',1,1800,10,0),
('H1035',35,1800,60,0),
('H1035',42,1400,30,0),
('H1035',54,700,10,0),
('H1036',13,600,7,0),
('H1036',59,5500,30,0),
('H1037',70,1500,4,0),
('H1038',40,1800,5,0.2),
('H1038',52,700,2,0),
('H1038',71,2200,30,0),
('H1039',28,4600,20,0),
('H1039',35,1800,24,0),
('H1039',49,2000,60,0),
('H1039',57,2000,28,0),
('H1040',21,1000,20,0),
('H1041',2,1900,30,0.2),
('H1041',63,4400,30,0),
('H1042',44,1900,15,0),
('H1042',61,2900,4,0),
('H1043',11,2100,10,0),
('H1044',62,4900,12,0),
('H1045',33,300,15,0),
('H1045',51,5300,24,0),
('H1046',12,3800,20,0.05),
('H1046',32,3200,15,0.05),
('H1046',35,1800,18,0.05),
('H1047',1,1800,25,0.25),
('H1047',5,2100,30,0.25),
('H1048',68,1300,42,0),
('H1049',2,1900,10,0.2),
('H1049',12,3800,4,0.2),
('H1050',76,1800,50,0.1),
('H1051',24,500,10,0.2),
('H1052',43,4600,30,0.2),
('H1052',61,2900,10,0.2),
('H1053',18,6300,35,0.2),
('H1053',32,3200,20,0),
('H1053',64,3300,25,0.2),
('H1054',33,300,10,0),
('H1054',67,1400,20,0),
('H1055',24,500,15,0),
('H1055',25,1400,15,0),
('H1055',51,5300,20,0),
('H1055',57,2000,20,0),
('H1056',7,3000,40,0),
('H1056',55,2400,35,0),
('H1056',60,3400,50,0),
('H1057',70,1500,3,0),
('H1058',21,1000,3,0),
('H1058',60,3400,21,0),
('H1058',61,2900,4,0),
('H1059',13,600,30,0),
('H1059',17,3900,12,0),
('H1059',60,3400,35,0),
('H1060',60,3400,4,0),
('H1060',77,1300,10,0),
('H1061',60,3400,15,0),
('H1062',53,3300,10,0.2),
('H1062',70,1500,12,0.2),
('H1063',34,1400,30,0),
('H1063',40,1800,40,0.1),
('H1063',41,1000,30,0.1),
('H1064',17,3900,77,0.1),
('H1064',41,1000,12,0),
('H1064',53,3300,25,0.1),
('H1064',55,2400,4,0.1),
('H1064',68,1300,55,0),
('H1065',30,2600,4,0.25),
('H1065',54,700,20,0.25),
('H1066',16,1700,3,0),
('H1066',19,900,42,0),
('H1066',34,1400,35,0),
('H1067',41,1000,9,0),
('H1068',28,4600,8,0.15),
('H1068',43,4600,36,0.15),
('H1068',77,1300,28,0.15),
('H1069',39,1800,20,0),
('H1070',1,1800,40,0.15),
('H1070',2,1900,20,0.15),
('H1070',16,1700,30,0.15),
('H1070',31,1300,20,0),
('H1071',7,3000,15,0.05),
('H1071',13,600,10,0.05),
('H1072',2,1900,8,0),
('H1072',41,1000,40,0),
('H1072',50,1600,22,0),
('H1072',64,3300,130,0),
('H1073',11,2100,10,0),
('H1073',24,500,20,0),
('H1074',16,1700,14,0.05),
('H1075',2,1900,10,0.15),
('H1075',46,1200,30,0.15),
('H1075',76,1800,2,0.15),
('H1076',6,2500,20,0.25),
('H1076',14,2300,20,0.25),
('H1076',19,900,10,0.25);
/*!40000 ALTER TABLE `주문세부` ENABLE KEYS */;
UNLOCK TABLES;

--
-- Dumping routines for database 'testdb'
--
/*!40103 SET TIME_ZONE=@OLD_TIME_ZONE */;

/*!40101 SET SQL_MODE=@OLD_SQL_MODE */;
/*!40014 SET FOREIGN_KEY_CHECKS=@OLD_FOREIGN_KEY_CHECKS */;
/*!40014 SET UNIQUE_CHECKS=@OLD_UNIQUE_CHECKS */;
/*!40101 SET CHARACTER_SET_CLIENT=@OLD_CHARACTER_SET_CLIENT */;
/*!40101 SET CHARACTER_SET_RESULTS=@OLD_CHARACTER_SET_RESULTS */;
/*!40101 SET COLLATION_CONNECTION=@OLD_COLLATION_CONNECTION */;
/*!40111 SET SQL_NOTES=@OLD_SQL_NOTES */;

-- Dump completed on 2024-04-08 11:05:36
